价目表,销售渠道,备注,有效性,V码,产品名称,系统规格,规格,条码,箱,提,DM价
维达线下,KA、GT、新渠道,,,V0036,维达超韧纸手帕4层12包装(无香),1×12×30,4层8张12包/条×30条/箱,"单包6901236374382
中包6901236371725
纸箱6901236371923",150,5,5.9
维达线下,全渠道,,,V0036A,维达超韧纸手帕4层18包装(熊出没印花),1×18×20,4层8张18包/条×20条/箱,"单包6901236374382
中包6901236383575
纸箱6901236352144",160,8,9.9
维达线下,全渠道,,,V0036C,维达超韧纸手帕4层36包装(无香),1×36×10,4层8张36包/条×10条/箱,"单包6901236374382
中包6901236384220
纸箱6901236352489",150,15,19.9
维达线下,KA、GT、新渠道,,,V0038,维达超韧纸手帕4层12包装(山茶花香印花),1×12×30,4层8张12包/条×30条/箱,"单包6901236374375
中包6901236371749
纸箱6901236371985",150,5,5.9
维达线下,KA、NEC、LEC,,,V0135D,维达超韧超迷你纸手帕4层24包装(印花),1×24×24,4层5张24包/条×24条/箱,"小包6901236347157
中包6901236387733
纸箱6901236357545",/,/,9.9
维达线下,KA、GT、新渠道、天猫旗舰店,,,V0169,维达超韧纸手帕4层24包装(自然无香),1×24×12,4层7张24包/条×12条/箱,"单包6901236343036
中包6901236384954
纸箱6901236353462",96,8,9.9
维达线下,KA、GT、新渠道、NEC,,清库存,V0083,维达超韧迷你纸手帕4层24包装(雏菊淡香)),1×24×12,4层7张24包/条×12条/箱,"小包6901236347713
中包6901236384923
纸箱6901236353370",96,8,9.9
维达线下,KA、GT、NEC,,,V0083,维达超韧迷你纸手帕4层24包装(线条小狗葡萄香),1×24×12,4层7张24包×12中包/箱,"小包6901236347713
中包6901236384923
纸箱6901236353370",96,8,9.9
维达线下,抖音旗舰店、拼多多自营、天猫旗舰店、天猫超市、京东超市、屈臣氏、商用,,,V0084,维达超韧迷你纸手帕4层30包装,1×30×24,4层5张30包/条×24条/箱,"小包6901236347768
中包6901236330111
纸箱6901236321843",/,/,9.9
维达线下,GT、KA、NEC、LEC,,,V0134,维达超韧迷你纸手帕4层18包装(山茶花香印花),1×18×24,4层7张18包×24中包/箱,"小包6901236348420
中包6901236330678
纸箱6901236322895",192,8,9.9
维达线下,全渠道,,,V0166A,维达超迷你超韧纸手帕4层(24送6)包装(航天IP),1×30×24,4层5张(24送6)包/条×24条/箱,"小包6901236347126
中包6901236388990
纸箱6901236359235",192,8,9.9
维达线下,全渠道,,,V0012-4,维达超韧纸手帕4层12包装,1×12×36,4层7张12包/条×36条/箱,"中包6901236380642
纸箱6901236372395",144,4,4.9
维达线下,全渠道,由V0166升级而来,淘汰,V0145,维达超韧纸手帕4层7张18包装(甜心莓莓无香印花）,1×18×24,4层7张18包/条×24条/箱,"小包6901236349519
中包6901236382684
纸箱6901236351475",180,7.5,9.9
维达线下,KA、NEC、LEC,,,V0145A,维达超韧纸手帕4层7张48包装(甜心莓莓无香印花）,1×48×6,4层7张48包/条×6条/箱,"小包6901236349519
中包6901236389232
纸箱6901236325667",/,/,24.9
维达线下,NEC、LEC、华南GT,,,V0142,维达超韧纸手帕4层7张18包装(檀木香）,1×18×24,4层7张18包/条×24条/箱,"小包6901236349939
中包6901236332900
纸箱6901236325582",192,8,9.9
维达线下,NEC、GT、GT直采、KA便利店,,,V0148,维达超韧纸手帕4层7张12包装(线条小狗印花),1×12×30,4层7张12包/条×30条/箱,"小包6901236040492
中包6901236333648
纸箱6901236326282",150,5,6.9
维达线下,新渠道、LEC,,,V0165,维达超韧纸手帕4层5张48包装,1×48×8,4层5张48包/条×8条/箱,"单包6901236040423
中包6901236333518
纸箱6901236326084",96,12,15.9
维达线下,京东超市、京东POP、天猫超市、天猫旗舰店、小红书维达居家日用旗舰店、小红书维达旗舰店、盒马、商用、GT直采,,,V0143,维达超韧超迷你纸手帕4层36包装(线条小狗印花),1×36×9,4层7张36包/条×9条/箱,"小包6901236041321
中包6901236334232
纸箱690123632772",/,/,19.9
维达线下,新渠道,,,V0170,维达超韧纸手帕4层24包装(自然无香),1×24×12,4层7张24包×12中包/箱,"单包6901236041598
中包6901236335024
纸箱6901236328095",96,8,9.9
维达线下,KA、LEC,,,V0134A,维达超韧迷你纸手帕4层6包装(山茶花香印花),1×6×72,4层7张6包×72中包/箱,"小包6901236348420
中包6901236332665
纸箱6901236325162",/,/,3.9
维达线下,KA、GT、LEC,,,V0068,维达细韧纸手帕3层×10包,1×10×40,3层8张10包/条×40条/箱,"中包6901236378281
纸箱6901236377727",104,2.6,3.9
维达线下,KA、GT,,,V0002,维达标准装纸手帕4层6包装×4条(茉莉香沁),1×24×12,4层9张6包/条×4条/提×12提/箱,"中包6901236380598
纸箱6901236372609",132,11,14.9
维达线下,KA、GT,,,V0005,维达标准装纸手帕4层10包装(无香),1×10×30,4层9张10包/条×30条/箱,"中包6901236380017
纸箱6901236372616",138,4.6,6.9
维达线下,全渠道,,,V0123,维达倍韧纸手帕3层10包装(无香),1×10×45,3层8张10包/条×45条/箱,"中包6901236379783
纸箱6901236351017",117,2.6,3.9
维达线下,华中(GT、新渠道),,,V0067,维达倍韧纸手帕3层10包装(无香),1×10×45,3层8张10包/条×45条/箱,"小包6901236379783
中包6939049118633
纸箱6939049128007",117,2.6,3.9
维达线下,华中(GT、新渠道),,,V0067B,维达倍韧纸手帕3层18包装(无香),1×18×20,3层8张18包/条×20条/箱,"小包6901236379783
中包6901236381892",98,4.9,6.9
维达线下,KA、GT,,,V2886,维达棉韧压花抽取面巾3层M码110抽×6包,1×6×8,M码3层110抽×6包/提×8提/箱,"单包6901236344040
中包6901236386026
纸箱6901236354841",104,13,15.9
维达线下,杭州联华华商,,,V2880B,维达棉韧抽取面巾3层M码100抽×10包,1×10×4,M码3层100抽×10包/提×4提/箱,"单包6901236345672
中包6901236333914
纸箱6901236326930",/,/,19.9
维达线下,NEC、麦德龙,,,V2880-D,维达棉韧抽取面巾3层M码100抽×20包(线条小狗),1×20,M码3层100抽×20包/箱,"单包6901236345672
纸箱6901236326329",/,/,46.9
维达线下,GT、KA,由2834C升级,,V2839A,维达棉韧抽取面巾3层M码90抽×8包,1×8×6,M码3层90抽×8包/提×6提/箱,"小包6901236347980
中包6901236386002
纸箱6901236354827",72,12,15.9
维达线下,天猫超市、京东超市、GT,,,V2833,维达棉韧抽取面巾3层S码100抽×6包,1×6×8,S码3层100抽×6包/提×8提/箱,"单包6901236345795
中包6901236388372
纸箱6901236358443",80,10,12.9
维达线下,KA、GT,,,V2833,维达棉韧抽取面巾3层S码100抽×(6送2)包,1×8×8,S码3层100抽×8包/提×8提/箱,"单包6901236345795
中包6901236388372
纸箱6901236358443",96,12,14.9
维达线下,KA、GT、新渠道,,,V2833A,维达棉韧抽取面巾3层S码100抽×12包,1×12×3,S码3层100抽×12包/提×3提/箱,"单包6901236345795
中包6901236387771
纸箱6901236357576",51,17,19.9
维达线下,KA、GT、新渠道,,清库存,V2833A,维达棉韧抽取面巾3层S码100抽×(12送4)包,1×16×3,S码3层100抽×16包/提×3提/箱,"单包6901236345795
中包6901236387771
纸箱6901236357576",75,25,29.9
维达线下,山东家家悦、华西永辉,,,V2833C,维达棉韧抽取面巾3层S码100抽×10包/提,1×10×3,S码3层100抽×10包/提×3提/箱,"单包6901236345795
中包6901236389409
纸箱6901236320495",/,/,19.9
维达线下,KA、GT、新渠道,,,V2833D,维达棉韧抽取面巾3层S码100抽×10包/提,1×10×3,S码3层100抽×10包/提×3提/箱,"单包6901236345795
中包6901236389553
纸箱6901236320662",49.5,16.5,19.9
维达线下,盒马、GT直采、KA,,,V2833E,维达棉韧抽取面巾3层S码100抽×24包/提,1×24×2,S码3层100抽×24包/提×2提/箱,"单包6901236345795
中包6901236389812
纸箱6901236321072",72.8,36.4,42.9
维达线下,沃尔玛,,,V2833F,维达棉韧抽取面巾3层S码100抽×20包/提,1×20×3,S码3层100抽×20包/提×3提/箱,"单包6901236345795
中包6901236330197
纸箱6901236321973",/,/,32.9
维达线下,costco,,,V2833G,维达棉韧抽取面巾3层S码100抽×30包/提,1×30×40,S码3层100抽×30包/提×40提/板,"单包6901236345795
中包6901236330258",/,/,59.9
维达线下,新渠道、GT,,,V2833H,维达棉韧抽取面巾3层S码100抽×6包,1×6×6,S码3层100抽×6包/提×6提/箱,"小包6901236345795
中包6901236332252
纸箱6901236324882",60,10,12.9
维达线下,山东银座,,,V2833J,维达棉韧抽取面巾3层S码100抽×10包,1×10×3,S码3层100抽×10包/提×3提/箱,"小包6901236345795
中包6901236333938
纸箱6901236326961",/,/,17.9
维达线下,GT,由2829A升级而来,淘汰,V2885,维达棉韧压花抽取面巾3层S码110抽×6包,1×6×8,S码3层110抽×6包/提×8提/箱,"单包6901236344033
中包6901236385999
纸箱6901236354810",88,11,14.9
维达线下,KA、GT、拼多多,,,V2866,维达棉韧抽取面巾3层XS码100抽×12包,1×12×5,XS码3层100抽×12包/提×5提/箱,"单包6901236345313
中包6901236387764
纸箱6901236357569",85,17,19.9
维达线下,KA、GT、新渠道,,,V2866A,维达棉韧抽取面巾3层XS码100抽×10包/提,1×10×5,XS码3层100抽×10包/提×5提/箱,"单包6901236345313
中包6901236388426
纸箱6901236358528",77.5,15.5,18.9
维达线下,KA、GT,由V2866B升级而来,淘汰,V2865,维达棉韧抽取面巾3层XS码90抽×20包/提,1×20×3,XS码3层90抽×20包/提×3提/箱,"单包6901236349632
中包6901236389171
纸箱6901236359624",75,25,29.9
维达线下,KA、GT直采,,,V2834,维达棉韧抽取面巾3层S码90抽×24包/提,1×24×2,S码3层90抽×24包/提×2提/箱,"单包6901236346853
中包6901236389874
纸箱6901236321225",/,/,39.9
维达线下,大润发专供,,,V2834A,维达棉韧抽取面巾3层S码90抽×16包/提,1×16×3,S码3层90抽×16包/提×3提/箱,"单包6901236346853
中包6901236330012
纸箱6901236321553",/,/,25.9
维达线下,天猫超市、立体美旗舰店、新渠道、京东POP、天猫旗舰店、维达集团旗舰店、LEC,,,V2834B,维达棉韧抽取面巾3层S码90抽×8包/提,1×8×6,S码3层90抽×8包/提×6提/箱,"单包6901236346853
中包6901236330081
纸箱6901236321775",69,11.5,14.9
维达线下,GT、KA,,,V2834C,维达棉韧抽取面巾3层S码90抽(8加送2)包/提,1×10×6,S码3层90抽×(8送2)包/提×6提/箱,"单包6901236346853
中包6901236386002
纸箱6901236354827",84,14,17.9
维达线下,NEC、KA、GT校园店、新渠道,,,V2834D,维达棉韧抽取面巾3层S码90抽6包/提,1×6×10,S码3层90抽×6包/提×10提/箱,"单包6901236346853
中包6901236333693
纸箱6901236326367",85,8.5,9.9
维达线下,KA、GT,由V2865升级而来,,V2834E,维达棉韧抽取面巾3层S码90抽18包/提,1×18×3,S码3层90抽×18包/提×提/箱,"单包6901236346853
中包6901236389171
纸箱6901236359624",75,25,29.9
维达线下,天猫旗舰店、立体美旗舰店、京东POP、盒马,,,V2834-C,维达棉韧抽取面巾3层S码90抽×30包,1×30,S码3层90抽×30包/箱,"单包6901236346853
纸箱6901236322161",/,/,49.9
维达线下,NEC、KA,,淘汰,V2890-A,维达棉韧焕彩抽取面巾3层S码100抽×20包,1×20,S码3层100抽×20包/箱,"卷膜6901236347386
纸箱6901236321140",/,/,42.9
维达线下,KA、GT,由V2885B升级而来,,V2835,维达棉韧压花抽取面巾3层S码88抽×16包,1×16×3,S码3层88抽×16包/提×3提/箱,"单包6901236349281
中包6901236386019
纸箱6901236354834",67.5,22.5,26.9
维达线下,GT、KA,由V2839升级而来,,V2836,维达棉韧抽取面巾3层M码80抽×12包,1×12×5,M码3层80抽×12包/提×5提/箱,"单包6901236349915
中包6901236330326
纸箱6901236322178",86,17.2,19.9
维达线下,京东超市、天猫超市、天猫旗舰店、微信小程序、华南GT、KA,,,V2900,维达棉韧奢柔抽取面巾3层M码80抽×6包/提,1×6×6,M码3层80抽×6包/提×6提/箱,"卷膜6901236348338
中包6901236331415
纸箱6901236323663",81,13.5,16.9
维达线下,NEC、新渠道前置仓,,,V2900A,维达棉韧奢柔抽取面巾3层M码80抽×3包/提,1×3×12,M码3层80抽×3包/提×12提/箱,"卷膜6901236348338
中包6901236331842
纸箱6901236324035",84,7,9.9
维达线下,GT、新渠道、LEC,,,V2900B,维达棉韧奢柔抽取面巾3层M码80抽×6包/提,1×6×6,M码3层80抽×6包/提×6提/箱,"小包6901236348338
中包6901236330692
纸箱6901236322925",81,13.5,16.9
维达线下,NEC、盒马、商用,,,V2900-A,维达棉韧奢柔抽取面巾3层M码80抽×16包/箱,1×16,M码3层80抽×16包/箱,"卷膜6901236348338
纸箱6901236322871",/,/,39.9
维达线下,KA、GT、LEC,,,V2901A,维达棉韧奢柔抽取面巾3层S码80抽×12包/提,1×12×3,S码3层80抽×12包/提×3提/箱,"小包6901236348413 
中包6901236330708 
纸箱6901236322956",63,21,24.9
维达线下,KA、GT、新渠道,,淘汰,V2901B,维达棉韧奢柔抽取面巾3层S码80抽×20包/提,1×20×2,S码3层80抽×20包/提×2提/箱,"小包6901236348413 
中包6901236330654 
纸箱6901236322857",68,34,42.9
维达线下,华中KA、拼多多,,淘汰,V2901C,维达棉韧奢柔抽取面巾3层S码80抽×8包/提,1×8×5,S码3层80抽×8包/提×5提/箱,"小包6901236348413 
中包6901236332078
纸箱6901236324622",/,/,19.9
维达线下,GT、天猫旗舰店、维达集团旗舰店、LEC,清库存,淘汰,V2902,维达棉韧奢柔抽取面巾3层M码70抽×8包/提,1×8×6,M码3层70抽×8包/提×6提/箱,"单包6901236349304
中袋6901236332139
纸箱6901236324691",90,15,19.9
维达线下,GT、LEC,,淘汰,V2902,维达棉韧奢柔抽取面巾3层M码70抽×10包/提,1×10×5,M码3层70抽×10包/提×5提/箱,"单包6901236349304
中袋6901236332139
纸箱6901236324691",87.5,17.5,21.9
维达线下,KA、GT,,,V2808B,维达超韧4层软抽(凤穿牡丹)4层S码100抽×(10+2)包,1×12×5,S码4层100抽×(10+2)包/提×5提/箱,"单包6901236346259
中包6901236388983
纸箱6901236359204",112.5,22.5,29.9
维达线下,KA、GT,,,V2808,维达超韧4层抽取面巾(凤穿牡丹)4层S码100抽×6包,1×6×10,S码4层100抽×6包/提×10/箱,"单包6901236346259
中包6901236383520
纸箱6901236352113",120,12,14.9
维达线下,KA、GT,由2829B升级,,V2805,维达超韧4层抽取面巾(山茶花印花有香)4层S码90抽×8包/提,1×8×6,S码4层90抽×8包/提×6提/箱,"小包6901236348574
中包6901236383889
纸箱6901236352281",102,17,19.9
维达线下,NEC、盒马、便利店,,,V2805-A,维达超韧4层抽取面巾(山茶花印花有香)4层S码90抽×20包/箱,1×20,S码4层90抽×20包/箱,"小包6901236348574
纸箱6901236323168",38,38,44.9
维达线下,KA、GT、新渠道、LEC、快手,,,V2240,维达超韧抽取面巾3层L码120抽×4包,1×4×12,L码3层120抽×4包/提×12提/箱,"单包6901236341599
中包6901236382981
纸箱6901236351727",150,12.5,15.9
维达线下,GT,,淘汰,V2220,维达超韧抽取面巾3层L码150抽×3包,1×3×16,L码3层120抽×4包/提×12提/箱,"单包6901236341308
中包6901236382400
纸箱6901236351420",176,11,14.9
维达线下,华西GT,,复活,V2047,维达超韧抽取面巾3层L码160抽×3包,1×3×12,L码3层160抽×3包/提×12提/箱,"单包6901236371060
中包6901236373828
纸箱6901236374313",120,10,14.9
维达线下,KA、GT、新渠道,,,V2182,维达超韧抽取面巾3层M码(130+20)抽×3包,1×3×16,M码3层(130+20)抽×3包/提×16提/箱,"单包6901236340288
中包6901236379127
纸箱6901236350751",136,8.5,12.9
维达线下,新渠道,,复活,V2252B,维达超韧软抽3层M码130抽×3包/提,1×3×8,M码3层130抽×3包/提×8提/箱,"单包6901236341957
中包6901236330401
纸箱6901236322413",64,8,9.9
维达线下,KA、GT、NEC,,,V2889,维达超韧抽取面巾3层M码120抽×8包,1×8×6,M码3层120抽×8包/提×6提/箱,"单包6901236343722
中包6901236385579
纸箱6901236354100",99,16.5,19.9
维达线下,KA、GT,,,V2253,维达超韧抽取面巾3层M码100抽×10包,1×10×6,M码3层100抽×10包/提×6提/箱,"单包6901236348307
中包6901236330517
纸箱6901236322666",102,17,19.9
维达线下,KA、GT,,,V2219,维达超韧抽取面巾3层S码150抽×3包,1×3×16,S码3层150抽×3包/提×16提/箱,"单包6901236341292
中包6901236382394
纸箱6901236351413",128,8,9.9
维达线下,KA、GT,,,V2219,维达超韧抽取面巾3层S码150抽×3包,1×3×12,S码3层150抽×3包/提×12提/箱,"单包6901236341292
中包6901236382394
纸箱6901236351413",96,8,9.9
维达线下,全渠道,,,V2223,维达超韧抽取面巾3层S码120抽×4包,1×4×16,S码3层120抽×4包/提×16提/箱,"单包6901236341384
中包6901236382691
纸箱6901236351482",128,8,9.9
维达线下,KA、GT,,,V2223B,维达超韧抽取面巾3层S码120抽×10包,1×10×6,S码3层120抽×10包/提×6提/箱,"单包6901236341384
中包6901236386569
纸箱6901236355770",102,17,19.9
维达线下,全渠道,,,V2239,维达超韧抽取面巾3层S码130抽×6包,1×6×8,S码3层×130抽×6包/提×8提/箱,"单包6901236341582
中包6901236382974
纸箱6901236351710",96,12,15.9
维达线下,KA、GT、新渠道,,,V2288A,维达超韧抽取面巾3层S码110抽×18包/提,1×18×4,S码3层110抽×18包/提×4提/箱,"单包6901236346037
中包6901236389096
纸箱6901236359433",106,26.5,29.9
维达线下,KA、华南GT,,,V2288B,维达超韧抽取面巾3层S码110抽×10包/提,1×10×5,S码3层110抽×10包/提×5提/箱,"单包6901236346037
中包6901236331354
纸箱6901236323564",80,16,19.9
维达线下,永旺,,,V2288C,维达超韧抽取面巾3层S码110抽×18包/提,1×18×4,S码3层110抽×18包/提×4提/箱,"单包6901236346037
中包6901236333679
纸箱6901236326336",/,/,29.9
维达线下,KA,,,V2828,维达超韧抽取面巾3层S码126抽×10包,1×10×5,S码3层126抽×10包/提×5提/箱,"单包6901236344613
中包6901236386842
纸箱6901236356258",/,/,19.9
维达线下,GT、朴朴超市,,,V2286C,维达超韧抽取面巾3层S码110抽×12包,1×12×5,S码3层110抽×12包/提×5提/箱,"单包6901236346624
中包6901236330470
纸箱6901236322598",90,18,21.9
维达线下,NEC、LEC、新渠道,,,V2287A,维达超韧抽取面巾3层S码100抽×10包/提,1×10×6,S码3层100抽×10包/提×6提/箱,"单包6901236346815
中包6901236330074
纸箱6901236321690",94.2,15.7,17.9
维达线下,永辉,,,V2287E,维达超韧抽取面巾3层S码100抽×20包/提,1×20×4,S码3层100抽×20包/提×4提/箱,"小包6901236346815
中包6901236332146
纸箱6901236324790",/,/,29.9
维达线下,新渠道、天猫超市、粉白区GT,,,V2287F,维达超韧抽取面巾3层S码100抽×8包/提,1×8×6,S码3层100抽×8包/提×6包/箱,"小包6901236346815
中包6901236332597
纸箱6901236324950",69,11.5,15.9
维达线下,全渠道,,,V2685,超韧便携式餐巾纸4层20抽×10包,1×10×15,186×186×4层×20抽/包×10包/提×15提/箱,"小包6901236345344
中袋6901236387832
纸箱6901236357590",123,8.2,9.9
维达线下,NEC、LEC、KA、华南GT,,,V2680,超韧便携式餐巾纸4层20抽×10包（山茶花香）,1×10×15,186×186×4层×20抽/包×10包/提×15提/箱,"小包6901236349670
中袋6901236332603
纸箱6901236324974",127.5,8.5,10.9
维达线下,NEC、GT直采、KA,,,V2682,超韧便携式餐巾纸4层20抽×10包,1×10×15,186×186×4层×20抽/包×10包/提×15提/箱,"小包6901236040621
中袋6901236333761
纸箱6901236326497",/,/,9.9
维达线下,NEC、GT直采、KA,,,V2683,超韧便携式餐巾纸（哪吒）4层20抽×10包,1×10×15,186×186×4层×20抽/包×10包/提×15提/箱,"小包6901236041864
中包6901236335253
纸箱6901236328699",/,/,9.9
维达线下,KA、GT、新渠道,,,V2283,维达超韧抽取面巾3层S码100抽×18包/提,1×18×3,S码3层100抽×18包/提×3提/箱,"单包6901236348109
中包6901236389683
纸箱6901236320860",73.5,24.5,29.9
维达线下,KA、GT,,,V2283A,维达超韧抽取面巾3层S码100抽×24包/提,1×24×2,S码3层100抽×24包/提×2提/箱,"单包6901236348109
中包6901236330531
纸箱6901236322697",66,33,39.9
维达线下,新渠道,,,V2289,维达超韧抽取面巾3层S码100抽×6包,1×6×10,S码3层100抽×6包/提×10提/箱,"中包6901236330296
纸箱6901236322079",93,9.3,12.9
维达线下,华南GT&华东GT、NEC、LEC,,,V2589-A,维达超韧Plus悬挂软抽3层M码280抽×4提/箱,1×4,M码3层280抽×4提/箱,"中袋6901236333075
纸箱6901236325735",/,/,/
维达线下,NEC、LEC、KA,,淘汰,V2589-C,维达超韧Plus悬挂软抽3层M码280抽×8提/箱,1×8,M码3层280抽×8提/箱,"中袋6901236333075
纸箱6901236326473",48,48,59.9
维达线下,GT、NEC、KA,,,V2589C,维达超韧Plus悬挂软抽3层M码280抽×8提/箱,1×8,M码3层280抽×8提/箱,"中袋6901236333075
纸箱6901236327708",48,6,7.9
维达线下,华中GT、KA,,,V2590-A,维达超韧Plus悬挂软抽3层M码280抽×4提/箱,1×4,M码3层280抽×4提/箱,"中袋6901236333082
纸箱6901236325742",24,6,7.9
维达线下,华中KA,,,V2590-C,维达超韧Plus悬挂软抽3层M码280抽×8提/箱,1×8,M码3层280抽×8提/箱,"中袋6901236333082
纸箱6901236326565",/,/,7.9
维达线下,GT,,,V2483,V2483维达棉韧plus软抽280抽4层悬挂式纸面巾(1x10)箱,1×10,147×175×4层×280抽×10提/箱,"中包6901236334645
纸箱6901236328026",55,5.5,6.9
维达线下,NEC、LEC、KA、新渠道,,,V2606B,维达细韧软抽3层S码100抽×6包,1×6×8,S码3层100抽×6包/提×8提/箱,"单包6901236347102
中包6901236389652
纸箱6901236320785",68,8.5,9.9
维达线下,NEC、LEC、KA、新渠道,,,V2606B,维达细韧软抽3层S码100抽×6包,1×6×10,S码3层100抽×6包/提×10提/箱,"单包6901236347102
中包6901236389652
纸箱6901236320785",85,8.5,9.9
维达线下,新渠道、LEC,,,V2607A,维达细韧软抽3层XS码100抽×6包×10提,1×6×10,XS码3层100抽×6包/提×10提/箱,"小包:无
中包6901236332917
纸箱6901236325629",80,8,9.9
维达线下,新渠道,升级为V2619,淘汰,V2609,维达细韧抽取面巾3层XS码120抽×6包/提,1×6×10,XS码3层120抽×6包/提×10提/箱,"单包6901236346549
中包6901236389218
纸箱6901236359822",105,10.5,12.9
维达线下,新渠道、拼多多、KA,V2609升级而来,,V2619,维达细韧软抽3层XS码100抽×8包/提,1×8×6,127×180×3层100抽×8包×6提/箱,"小包6901236040324
中包6901236389218
纸箱6901236359822",54,9,12.9
维达线下,新渠道、KA,,,V2619A,维达细韧软抽3层XS码100抽×12包/提,1×12×5,127×180×3层100抽×12包×5提/箱,"小包6901236040324
中包6901236333242
纸箱6901236325971",67.5,13.5,17.9
维达线下,大润发专供,,,V2617,维达细韧软抽3层S码100抽30包/提,1×30×2,133×180×3层100抽×30包/提×2提/箱,"小包:6901236040317
中包:6901236334324
纸箱:6901236327685",/,/,39.9
维达线下,LEC、新渠道、抖音旗舰店、拼多多,,,V2301A,维达倍韧软抽3层XS码100抽×6包/提,1×6×10,XS码3层100抽×6包/提×10提/箱,"单包6901236346617
中包6901236331385
纸箱6901236323625",85,8.5,9.9
维达线下,全渠道,,,V2331,维达小兔棉棉乳霜抽取式纸面巾3层S码90抽×4包/提,1×4×10,S码3层90×4包/提×10提/箱,"小包6901236349199
中包6901236331897
纸箱6901236324165",150,15,19.9
维达线下,NEC、LEC、GT,,,V2332,维达小兔棉棉乳霜棉柔纸3层S码40抽×5包/提,1×5×12,S码3层40×5包/提×12提/箱,"小包6901236349533
中包6901236349588
纸箱6901236324714",90,7.5,9.9
维达线下,NEC、LEC、GT、新渠道,,,V2332,维达奢柔乳霜纸3层S码40抽×5包/提,1×5×12,S码3层40×5包/提×12提/箱,"小包6901236349533
中包6901236349588
纸箱6901236324714",90,7.5,9.9
维达线下,NEC、LEC、新渠道前置仓、便利店、商用,,,V2334-A,维达治愈之柔乳霜纸4层S码80抽×12包/箱,1×12,S码4层80抽×12包/箱,"小包6901236040713
纸箱6901236357224",40,40,/
维达线下,NEC、新渠道前置仓、GT直采,,,V2335,维达治愈之柔婴儿保湿纸4层S码30抽×8包/提,1×8×10,S码4层30抽×8包/提×10提/箱,"小包6901236040805
中包6901236333907
纸箱6901236326909",/,/,15.9
维达线下,LEC、新渠道、抖音旗舰店、拼多多维达旗舰店、拼多多维达官方旗舰店,升级为V2301A,淘汰,V2033,维达雅致抽取面巾3层XS码100抽×6包/提,1×6×10,XS码3层100抽×6包/提×10提/箱,"小包6901236349137
中包6901236331385
纸箱6901236323625",85,8.5,9.9
维达线下,KA、GT、新渠道、NEC,,,V4028,维达蓝色经典卫卷4层180克×10卷,1×10×6,138×104×4层×180克×10卷/提×6提/袋,"单包6901236375198
中包6901236390610
大袋6901236372180",138,23,27.9
维达线下,Costco,,,V4028J,维达蓝色经典卫卷4层180克×30卷,1×30×25,138×104×4层×180克×30卷/提×25提/板,"单包6901236375198
中包6901236334058",/,/,64.9
维达线下,全渠道,,,V4073,维达蓝色经典卫卷4层200克×10卷,1×10×6,138×104×4层×200克×10卷/提×6提/袋,"单包6901236373958
中包6901236373996
大袋6901236374542",153,25.5,29.9
维达线下,KA、GT,,,V4073F,维达蓝色经典卫卷4层200克×20卷,1×20×4,138×104×4层×200克×20卷/提×4提/袋,"单包6901236373958
中包6901236385111
大袋6901236353622",204,51,59.9
维达线下,盒马,,淘汰,V4073G,维达蓝色经典卫卷4层200克×30卷,1×30×21,138×104×4层×200克×30卷/提×21提/板,"单包6901236373958
中包6901236385593
大袋6901236354124",/,/,84.9
维达线下,GT、新渠道 ,,,V4080,维达蓝色经典卫卷4层160克×10卷,1×10×6,138×104×4层×160克×10卷/提×6提/袋,"单包6901236376058
中包6901236376065
大袋6901236375990",102,17,22.9
维达线下,NEC、新渠道,,,V4080-B,维达蓝色经典卫卷4层160克×27卷,1×27,138×104×4层×160克×27卷/箱,"单包6901236376058
纸箱6901236354353",56,56,62.9
维达线下,KA、GT、NEC、新渠道,,,V4068,维达蓝色经典卫卷4层160克×10卷,1×10×6,138×104×4层×160克×10卷/提×6提/袋,"单包6901236341377
中包6901236372081
大袋6901236372203",105,17.5,22.9
维达线下,全渠道,,,V4069,维达蓝色经典卫卷4层140克×10卷,1×10×6,138×100×4层×140克×10卷/提×6提/袋,"单包6901236373965
中包6901236373934
大袋6901236374405",96,16,19.9
维达线下,新渠道、LEC,,,V4146A,维达蓝色经典卫卷4层130克×10卷,1×10×6,138×100×4层×130克×10卷/提×6提/袋,"单包6901236340745
中包6901236331347
大袋6901236331347",87,14.5,17.9
维达线下,NEC、盒马,,,V4188-A,维达蓝色经典卫卷(山茶花香)4层140克×24卷/箱,1×24,138×100×4层×140克×24卷/箱,"单包6901236348451
大袋6901236322918",/,/,52.9
维达线下,抖音、天猫旗舰店、京东超市、华东LEC、华南GT、KA,,,V4188A,维达蓝色经典卫卷(山茶花香)4层140克×10卷/提,1×10×6,138×100×4层×140克×10卷/提×6提/袋,"卷膜6901236348451
中包6901236332627
大袋6901236325049",102,17,19.9
维达线下,华南GT,,,V4186,维达蓝色经典卫卷(山茶花香)4层200克×10卷/提,1×10×6,138×104×4层×200克/卷×10卷/提×6提/袋,"卷膜6901236040096
中包6901236333181
大袋6901236325872",153,25.5,29.9
维达线下,全渠道,,,V4519,维达超韧卫卷4层200克×10卷,1×10×6,138×104×4层×200克×10卷/提×6提/袋,"单包6901236342428
中包6901236384084
大袋6901236352779",138,23,26.9
维达线下,华中(GT、新渠道),,,V4333,维达超韧卫卷3层180节×10卷,1×10×12,138×104×4层×180节×10卷/提×12提/袋,中包6939049118169,132,11,13.9
维达线下,GT,,,V4533,维达超韧有芯卫卷4层150克×12卷,1×12×6,138×104×4层×150克×12卷/提×6提/袋,"单卷6901236040201
中包6901236333105
大袋6901236325773",111,18.5,22.9
维达线下,KA、GT、新渠道、NEC,,,V4688,维达超韧压花卫卷4层180克×10卷,1×10×6,138×114×4层×180克×10卷/提×6提/袋,"单包6901236342084
中包6901236382882
大袋6901236351772",114,19,22.9
维达线下,华中GT,,,V4529,维达超韧卫卷4层180克×10卷/提,1×10×6,138×104×4层×180克×10卷/提×6提/袋,"卷膜6901236040928
中包6901236333952
大袋6901236327012",111,18.5,22.9
维达线下,"华南GT、KA
华中GT、华北GT",,,V4588,维达超韧卫卷4层140克×12卷,1×12×6,138×100×4层×140克×12卷/提×6提/袋,"单卷6901236041338
中袋6901236334331
纸箱6901236327739",105,17.5,19.9
维达线下,全渠道,,清库存,V4508,维达棉韧压花卫卷4层125克×12卷,1×12×6,138×104×4层×125克×12卷/提×6提/袋,"单包6901236342091
中包6901236383766
大袋6901236352212",102,17,19.9
维达线下,KA、GT,,清库存,V4508,维达棉韧压花卫卷4层150节×12卷/提,1×12×6,138×98×4层×150节×12卷/提×6提/袋,"单包6901236342091
中包6901236383766
大袋6901236352212",102,17,19.9
维达线下,新渠道,升级为V4665,淘汰,V4508B,维达棉韧卫卷4层125克×10卷/提,1×10×6,138×104×4层×125克×10卷/提×6提/袋,"卷膜6901236342091
中包6901236389300
大袋6901236320280",84,14,16.9
维达线下,NEC、新渠道、LEC,由V4508-A升级而来,,V4509-A,维达棉韧卫卷4层125克×24卷,1×24,138×104×4层×125克×24卷/箱,"卷膜6901236342091
纸箱6901236359600",45.5,45.5,49.9
维达线下,新渠道、抖音旗舰店,由V4508B升级而来,,V4665,维达棉韧卫卷4层140节×10卷/提,1×10×6,138×98×4层×140节×10卷/提×6提/袋,"卷膜6901236349656
中包6901236389300
大袋6901236320280",84,14,16.9
维达线下,KA、GT、新渠道、NEC,,,V4666A,维达棉韧压花卷纸4层130克×20卷,1×20×4,138×104×4层×130克×20卷/提×4提/袋,"单卷6901236344798
中包6901236385852
大袋6901236354612",108,27,32.9
维达线下,全渠道,,,V4669,维达棉韧压花卷纸4层110克×12卷,1×12×6,138×98×4层×110克×12卷/提×6提/袋,"单卷6901236345436
中包6901236387870
大袋6901236357699",96,16,18.9
维达线下,全渠道,,,V4686,维达棉韧压花卷纸4层180克×10卷,1×10×6,138×114×4层×180克×10卷/提×6提/袋,"单卷6901236344804
中包6901236386057
大袋6901236354773",114,19,22.9
维达线下,沃尔玛,,,V4687B,维达棉韧压花卷纸4层150克×16卷,1×16×4,138×104×4层×150克×16卷/提×4提/袋,"单卷6901236344811
中包6901236330203
大袋6901236321980",/,/,29.9
维达线下,沃尔玛,,,V4687B,维达棉韧压花卷纸4层120克×20卷,1×20×4,138×98×4层×120克×20卷/提×4提/袋,"单卷6901236344811
中包6901236330203
大袋6901236321980",/,/,29.9
维达线下,KA、GT,,淘汰,V4655A,维达棉韧压花卫卷3层130节×24卷/提,1×24×2,138×102×3层×130节×24卷/提×2提/袋,"单卷6901236348376
中包6901236330593
大袋6901236322765",68,34,39.9
维达线下,GT、NEC、LEC,,淘汰,V4655-A,维达棉韧压花卫卷3层130节×30卷/箱,1×6×5,138×102×3层×130节×30卷/箱,"单卷6901236348376
纸箱6901236322789",42.4,42.4,49.9
维达线下,KA、GT,,淘汰,V4663,维达棉韧压花卫卷4层130克×12卷/提,1×12×6,138×104×4层×130×12卷/提×6提/袋,"单卷6901236344798
中包6901236385845
大袋6901236354605",102,17,19.9
维达线下,KA、GT,,,V4508,维达棉韧压花卫卷4层125克×12卷,1×12×6,138×98×4层×125克×12卷/提×6提/袋,"单包6901236342091
中包6901236383766
大袋6901236352212",102,17,19.9
维达线下,KA、GT、新渠道,清库存,淘汰,V4900A,维达棉韧奢柔卫卷3层160节×18卷/提,1×18×2,138×102×3层×160节×18卷/提×2提/袋,"单卷6901236348468
中包6901236330715
大袋6901236322963",66,33,39.9
维达线下,KA、GT、新渠道,,淘汰,V4900A,维达棉韧奢柔卫卷3层160节×20卷/提,1×20×4,138×102×3层×160节×20卷/提×4提/袋,"单卷6901236348468
中包6901236330715
大袋6901236322963",132,33,39.9
维达线下,NEC、新渠道,,淘汰,V4901-C,维达棉韧奢柔卫卷3层150节×36卷/箱,1×6×6,138×102×3层×150节×36卷/箱,"卷膜6901236348550
纸箱6901236323113",56,56,69.9
维达线下,KA、GT、新渠道,升级为V4663,淘汰,V4666,维达棉韧奢柔卫卷3层130克×12卷,1×12×4,138×102×3层×130克×12卷/提×4提/袋,"单卷6901236344798
中包6901236385845
大袋6901236354605",70,17.5,19.9
维达线下,GT、华中KA,清库存,淘汰,V4988,维达棉韧奢柔卫卷3层120节×12卷,1×12×4,138×102×3层×120节×12卷/提×4提/袋,"单卷6901236349205
中包6901236331910
大袋6901236324202",66,16.5,19.9
维达线下,GT、华中KA、天猫旗舰店,升级后,淘汰,V4988,维达棉韧奢柔卫卷3层150节×10卷,1×10×6,138×102×3层×150节×10卷/提×6提/袋,"单卷6901236349205
中包6901236331910
大袋6901236324202",99,16.5,19.9
维达线下,KA、GT、京东超市,升级后,,V4918,维达棉韧奢柔卫卷3层200节×10卷,1×10×6,130×108×3层×200节×10卷/提×6提/袋,"单卷6901236349571
中包6901236332177
大袋6901236324769",135,22.5,27.9
维达线下,华中LEC、新渠道、猫超,,淘汰,V4919,维达棉韧奢柔卫卷3层140节×10卷,1×10×6,138×102×3层×140节×10卷/提×6提/袋,"卷膜6901236349649
中包 6901236332108
大袋 6901236324851",99,16.5,19.9
维达线下,新渠道,,,V4078,维达至有分量卫卷4层200克×10卷,1×10×6,138×104×4层×200克×10卷/提×6提/袋,"单包6901236375082
中包6901236375075
大袋6901236374665",135,22.5,24.9
维达线下,KA、GT、新渠道,,,V4081,维达至有分量卫卷4层180克×10卷,1×10×6,138×104×4层×180克×10卷/提×6提/袋,"单包6901236376737
中包6901236376768
大袋6901236376591",114,19,24.9
维达线下,GT、新渠道 ,,淘汰,V4079,维达至有分量卫卷4层160克×10卷,1×10×6,138×104×4层×160克×10卷/提×6提/袋,"单包6901236375846
中包6901236375853
大袋6901236375976",98.4,16.4,21.9
维达线下,全渠道,,,V4143,维达超韧实芯卫卷4层78克×10卷,1×10×12,112×146×4层×78克×10卷/提×12提/袋,中包6901236379004,96,8,9.9
维达线下,KA、GT、新渠道、NEC,,,V4407,维达超韧实芯卫卷4层100克×10卷,1×10×12,138×163×4层×100克×10卷/提×12提/袋,"中包6901236379943
大袋6901236351109",132,11,14.9
维达线下,KA、GT、新渠道、NEC,,,V4457,维达超韧实芯卫卷4层140克×12卷,1×12×6,138×146×4层×140克×12卷/提×6提/袋,"中包6901236382516
大袋6901236351505",99,16.5,19.9
维达线下,KA、GT、新渠道,,,V4459,维达超韧实芯卫卷4层150克×12卷,1×12×6,138×175×4层×150克×12卷/提×6提/袋,"中包6901236382530
大袋6901236351529",103.2,17.2,19.9
维达线下,KA、GT、新渠道,,,V4492,维达超韧实芯卫卷4层150克×12卷,1×12×6,138×100×4层×150克×12卷/提×6提/袋,中包6901236383292,102,17,19.9
维达线下,KA、GT、新渠道、京东超市,升级后,,V4496,维达超韧实芯卫卷4层200克×10卷,1×10×6,138×104×4层×200克×10卷/提×6提/袋,"中包6901236383650
大袋6901236352229",108,18,21.9
维达线下,KA、GT、新渠道,,,V4592,维达超韧实芯卫卷4层150克×12卷,1×12×6,138×114×4层×150克×12卷/提×6提/袋,中包6901236385104,102,17,19.9
维达线下,华西KA、GT,,,V4510A,维达超韧实芯卷纸3层110克(100克加送10克)×12卷,1×12×10,138×186×3层×110克×12卷/提×10提/袋,中包6939149600731,140,14,16.9
维达线下,KA、GT、新渠道、NEC,,,V4572,70克3层超韧压花无芯卫卷,1×10×12,112×145×3层×70克/卷×10卷/提×12提/袋 ,"中包6939049128564
大袋6939049118442",93.6,7.8,9.9
维达线下,KA、GT、新渠道,,淘汰,V4636,维达4D超韧压花无芯卫卷4层135克×14卷/提,1×14×6,138×139×4层×135克×14卷/提×6提/袋,"中包6901236332245
大袋6901236324837",105,17.5,21.9
维达线下,KA、GT、新渠道,,,V4435,维达超韧实芯卫卷4层215克×14卷/提,1×14×4,138×155×4层×215克×14卷/提×4提/袋 ,"中包6901236332672
大袋6901236325186",108,27,32.9
维达线下,华中GT、华中KA、华北GT,,,V4433,维达超韧实芯卫卷4层129克×14卷/提,1×14×6,138×146×4层×129克×14卷/提×6提/袋 ,"中包6901236332948
大袋6901236359914",103.2,17.2,19.9
维达线下,拼多多、抖音、猫旗、京东超市、京东POP、快手、新渠道、天猫超市,,,V4443,维达超韧实芯卫卷4层128克×18卷/提,1×18×6,138×132×4层×128克×18卷/提×6提/袋 ,"中包6901236332894
大袋6901236325346",141,23.5,27.9
维达线下,华中(GT、KA、新渠道),,,V4585,维达超韧实芯卫卷4层146克×14卷/提,1×14×6,138×146×4层×146克×14卷/提×6提/袋 ,中包6901236385210,114,19,22.9
维达线下,GT,,,V4456,维达超韧压花实芯卫卷4层167克×12卷,1×12×6,138×104×4层×167克×12卷/提×6提/袋,"中包6901236382509
大袋6901236351499",108,18,21.9
维达线下,华西GT、LEC,,,V4166,维达超韧实芯卫卷4层160克×12卷/提,1×12×6,138×100×4层×160克×12卷/提×6提/袋 ,"中包6901236389898
大袋 6901236321263",105,17.5,20.9
维达线下,华西GT,,,V4168,维达超韧实芯卫卷4层160克×12卷/提,1×12×6,138×175×4层×160克×12卷/提×6提/袋,"中包6901236389904 
大袋 6901236321270",105,17.5,20.9
维达线下,华东GT、华东KA、华中GT、华中KA、华北GT,,,V4400,维达超韧实芯卫卷4层167克×12卷/提,1×12×6,138×187×4层×167克×12卷/提×6提/袋,"中包6901236333464
大袋6901236326015",108,18,21.9
维达线下,永辉,,,V4434,维达超韧实芯卫卷4层167克×12卷/提,1×12×6,138×104×4层×167克/卷×12卷/提×6提/袋,"中包6901236333143
大袋6901236325841",/,/,19.9
维达线下,"山东KA,山东GT、新渠道",,,V4438,维达超韧实芯卫卷4层215克×14卷/提,1×14×4,138×187×4层×215克/卷×14卷/提×4提/袋,"中包6901236333655
大袋6901236326299",106,26.5,29.9
维达线下,华北GT,,,V4448,维达超韧实芯卫卷4层129克×14卷/提,1×14×6,138×104×4层×129克/卷×14卷/提×6提/袋,"中包6901236333730
大袋6901236326428",102,17,19.9
维达线下,山东银座,,,V4132,维达超韧实芯卫卷4层219克×14卷/提,1×14×4,138×155×4层×219克/卷×14卷/提×4提/袋,"中包6901236333921
大袋6901236326954",/,/,27.9
维达线下,华中KA&GT,,,V4151,维达超韧实芯卫卷4层193克×14卷×4提/袋,1×14×4,138×155×4层×193克×14卷/提×4提/袋,"中包6901236335260
大袋6901236328729",100,25,29.9
维达线下,山东GT、华北GT,,,V4136,维达超韧实芯卫卷4层188克×24卷×2提/袋,1×24×2,138×132×4层×188克×24卷/提×2提/袋,"中包6901236334201
大袋6901236327548",85,42.5,49.9
维达线下,全渠道,,,V4626,维达棉韧实芯卫卷4层120克×12卷,1×12×6,138×100×4层×120克×12卷/提×6提/袋,"中包6901236388044
大袋6901236357705",90,15,19.9
维达线下,全渠道,,,V4629,维达棉韧实芯卫卷4层120克×12卷,1×12×6,138×139×4层×120克×12卷/提×6提/袋,"中包6901236388051
大袋6901236357712",90,15,19.9
维达线下,KA、GT,,,V4639,维达棉韧实芯卫卷4层146克×14卷,1×14×6,138×155×4层×146克×14卷/提×6提/袋,"中包6901236389027
大袋6901236359297",111,18.5,21.9
维达线下,全渠道,升级前,清库存,V4656,维达棉韧实芯卫卷4层170节×12卷,1×12×6,138×100×4层×170节×12卷/提×6提/袋,"中包6901236387474
大袋6901236357248",102,17,19.9
维达线下,全渠道,升级后,,V4656,维达棉韧实芯卫卷4层150克×12卷,1×12×6,138×100×4层×150克×12卷/提×6提/袋,"中包6901236387474
大袋6901236357248",102,17,19.9
维达线下,KA、GT、快手,升级后,,V4657,维达棉韧实芯卫卷4层120克×14卷,1×14×6,138×146×4层×120克×14卷/提×6提/袋,"中包6901236387504
大袋6901236357262",97.2,16.2,19.9
维达线下,KA、GT、NEC,升级后,,V4806,维达棉韧实芯卷纸4层110克×21卷,1×21×4,138×139×4层×110克×21卷/提×4提/袋,"中包6901236389584
大袋6901236320686",90,22.5,29.9
维达线下,KA、GT,升级前,清库存,V4497,维达棉韧实芯卫卷4层129节×18卷,1×18×6,138×100×4层×129节×18卷/提×6提/袋,"中包6901236383667
大袋6901236352236",111,18.5,21.9
维达线下,KA、GT,升级后,,V4497,维达棉韧实芯卫卷4层114克×18卷,1×18×6,138×100×4层×114克×18卷/提×6提/袋,"中包6901236383667
大袋6901236352236",108,18,21.9
维达线下,KA、GT,升级后,淘汰,V4809,维达棉韧实芯卫卷4层139克×18卷,1×18×4,138×155×4层×139克×18卷/提×4提/袋,"中包6901236389836
大袋6901236321126",92,23,29.9
维达线下,东区GT、中区GT、中区KA、山东KA,,,V4695,维达棉韧实芯卫卷4层200克×14卷/提,1×14×4,138×166×4层×200克×14卷/提×4提/袋,"中包6901236332689
大袋6901236325193",100,25,29.9
维达线下,全渠道,升级后,,V4906,维达棉韧奢柔实芯卫卷3层115节×(12送2)卷/提,1×14×6,116×129×3层×115节×(12送2)卷/提×6提/袋,"中包6901236331187
大袋6901236323137",99,16.5,19.9
维达线下,KA、GT、NEC,,淘汰,V4908,维达棉韧奢柔实芯卫卷3层115节×20卷/提,1×20×3,138×102×3层×115节×20卷/提×3提/袋,"中包6901236331903
大袋6901236324196",72,24,29.9
维达线下,KA、GT、NEC、LEC,,淘汰,V4909,维达棉韧奢柔实芯卫卷3层140节×10卷/提,1×10×4,138×102×3层×140节×10卷/提×4提/袋,"中包6901236331958
大袋6901236324288",64,16,17.9
维达线下,GT、LEC,升级为V4038,淘汰,V4035,维达280米2层公用卫生纸12卷/箱,1×12,112×95×2层×280米/卷×12卷/箱,"单卷6901236371237
纸箱6901236373095",132,11,14.9
维达线下,GT、LEC,由V4035升级而来,,V4038,维达800克3层公用卫生纸,1×12,112×95×3层×800克/卷×12卷/箱,"单卷6901236371237
纸箱6901236373095",132,11,14.9
维达线下,KA、GT、新渠道,,,V2055,维达蓝色经典盒巾3层100抽×4盒,1×4×10,L码3层100抽×4盒/提×10提/箱,"单盒6901236371800
纸箱6901236372418",145,14.5,19.9
维达线下,GT,,,V2002,维达威牌盒巾3层100抽×5盒,1×5×10,L码3层100抽×5盒/提×10提/箱,"单盒6901236380307
纸箱6901236372289",170,17,19.9
维达线下,华中(GT、新渠道),,淘汰,V2002A,维达威牌盒巾3层100抽×6盒,1×6×8,L码3层100抽×6盒/提×8提/箱,单盒6901236380307,145,18.125,23.9
维达线下,KA、GT、新渠道,,,V2218,维达超韧盒巾3层130抽×3盒,1×3×12,L码3层130抽×3盒/提×12提/箱,"单盒6901236341285
中包6901236382424
纸箱6901236351406",162,13.5,16.9
维达线下,KA、GT、新渠道,,,V2260,维达超韧盒巾3层100抽×3盒,1×3×12,M码3层100抽×3盒/提×12提/箱,"单盒6901236342176
中包6901236383964
纸箱6901236352243",120,10,13.9
维达线下,KA、GT、新渠道,,,V1170,维达初肌秘密洗脸巾XL码70抽/包,1×6,200×200×1层×70抽×6包/箱,"单包 6901236348949
纸箱 6901236323892",45,7.5,9.9
维达线下,KA、GT、新渠道,,,V1170A,维达初肌秘密洗脸巾XL码70抽/包,1×24,200×200×1层×70抽×24包/箱,"单包 6901236348949
纸箱 6901236323908",180,7.5,9.9
维达线下,全渠道,,,V1172,维达初肌秘密洗脸巾XL码12抽/包,1×12×60,210×230×1层×12抽×60包/箱,"单包6901236349663
纸箱6901236324875",138,2.3,2.9
维达线下,NEC、LEC、商用、GT直采、新渠道前置仓,,,V1176,维达初肌秘密洗脸巾XL码70抽/包,1×6,200×200×1层×70抽×6包/箱," 中包6901236040454
  纸箱6901236326244",45,7.5,9.9
维达线下,KA、GT、新渠道,,,V1162,维达悬挂式初肌秘密洗脸巾XL码180抽/提,1×9,200×200×1层×180抽×9提/箱,"中包6901236333709
纸箱6901236326435",144,16,19.9
维达线下,KA、GT、新渠道,,,V1182,维达初肌秘密洗脸巾L码60抽×3包/提,1×3×10,180×200×1层×60抽×3包×10提/箱,"小包6901236349854
中包6901236332092
纸箱6901236326756",160,16,19.9
维达线下,LEC（何沐霖专供）、KA、便利店,,,V1183,维达初肌秘密洗脸巾XXL码144抽/提,1×10,230×200×1层×144抽×10提/箱,"手抽6901236333860
纸箱6901236326862",/,/,24.9
维达线下,大润发专供,,,V1177,维达初肌秘密洗脸巾XL码60抽×4包/提,1×4×5,200×200×1层×60抽×4包/提×5包/箱,"小包6901236041208
中包6901236334102
纸箱6901236327333",/,/,29.9
维达线下,NEC、KA、GT(直采、校园店、便利店）、新渠道前置仓,,,V1155,维达X哪吒2之魔童闹海 魔丸灵珠限定款洗脸巾,1×10,"200X200mm,
80g,50抽/提X10提/箱","中包6901236041857
纸箱6901236328668",60,6,8.9
维达线下,KA、GT、便利店、新渠道前置仓、商用、NEC、LEC,,,V1186, 维达珍珠纹一次性压缩柔巾,1×20×12,"240X300mm,
90g,20粒,12包/箱","中袋6901236334607
纸箱6901236327982",90,7.5,9.9
维达线下,全渠道,,,V4020-2,维达厨房纸巾75节×2卷装,1×2×20,2层×75节×2卷/提×20提/箱,"中包6901236380505
纸箱6901236373132",110,5.5,7.9
维达线下,全渠道,,,V2241,维达抽取厨房纸巾80抽×3包,1×3×12,224×195×2层×80抽/包×3包/提×12提/箱,"单包6901236341629
中包6901236383094
纸箱6901236351765",96,8,9.9
维达线下,KA,,淘汰,V2241C,维达抽取厨房纸巾6包/提,1×6×8,224×195×2层×80抽/包×6包/提×8提/箱,"单包6901236341629
中包6901236330333
纸箱6901236322185",/,/,19.9
维达线下,全渠道,,,V9300,维达可水洗厨房卷纸85节/卷,1×12,224×259×3层×85节/卷×12卷/箱,"单卷6901236348048
纸箱6901236322314",78,6.5,7.9
维达线下,NEC、LEC、KA、GT,,,V9300-A,维达可水洗厨房卷纸85节/卷×6卷/箱,1×6,224×259×3层×85节/卷×6卷/箱,"单卷6901236348048
纸箱6901236323014",39,39,49.9
维达线下,KA、GT、新渠道、NEC,,,V9800,维达可水洗抽取式厨房纸60抽/包×4包/提,1×4×10,224×195×3层×60抽/包×4包/提×10提/箱,"卷膜6901236348727
中包6901236331248
纸箱6901236323342",130,13,15.9
维达线下,山姆专供,,,V9800A,维达可水洗抽取式厨房纸60抽/包×10包/提,1×10×75,224×195×3层×60抽/包×10包/提×75提/箱,"卷膜6901236348727
中包6901236332685",/,/,33.9
维达线下,全渠道 ,,,V9801,维达可水洗M码抽取式厨房纸60抽/包×6包/提,1×6×6,168×195×3层×60抽/包×6包/提×6提/箱,"卷膜6901236348956
中包6901236331712
纸箱6901236323847",75,12.5,14.9
维达线下,全渠道,,,V9809A,维达悬挂式厨房抽纸180抽/提,1×10,210×195×2层×180抽/提×10提/箱,"中袋6901236332740
纸箱6901236325315",75,7.5,9.9
维达线下,NEC、GT直采,,,V9805-A,维达悬挂式厨房抽纸180抽/提（线条小狗IP）,1×6,210×195×2层×180抽/提×6提/箱,"中袋6901236334140
纸箱6901236327401",/,/,9.9
维达线下,KA、GT、京东超市,,,V9313,维达可水洗2层65节6卷维达厨房卷纸,1×6×4,200×240×2层×65节×6卷/提×4提/箱,"中包6901236334515
纸箱6901236327760",66,16.5,19.9
维达线下,京东、猫旗、猫超、抖音、新渠道前置仓,,,V9806A,维达可水洗悬挂式厨房抽纸152抽2层（1X10）装/箱,1×10,L码198×195×2层152抽/提x10提/箱,"中袋6901236334690
纸箱6901236328262",63,6.3,7.9
维达线下,抖音、拼多多、LEC、新渠道前置仓,,,V9320-A,"维达可水洗厨房卷纸
60节2层（1X10）装/箱",1×2×5,200×240×60节2层/卷x10提/箱,"中袋6901236041611
纸箱6901236328118",26.4,26.4,32.9
维达线下,华南GT,,,V2142,维达超韧200张单层三折擦手纸,1×20,222×226×1层×200张/包×20包/箱,"中袋6901236375020
纸箱6901236374627",129,6.45,7.9
维达线下,华南GT,,,V2143,维达超韧200张单层三折擦手纸,1×20,208×226×1层×200张/包×20包/箱,"中袋6901236349236
纸箱6901236324219",120,6,6.9
维达线下,NEC、LEC、KA、GT,,,VW1001,维达杀菌湿巾·金盏花10片/包,1×10×10×6,1×10片/包×60包/箱,"单包6901236300022
纸箱6901236310014",126,2.1,3.5
维达线下,全渠道,,,VW1003,维达杀菌湿巾·柠檬果香10片独立装,1×10×10×6,1×10片/包×60包/箱,"单包6901236300053
纸箱6901236310038",126,2.1,2.9
维达线下,全渠道,,,VW1009,维达杀菌湿巾·温和无香10片独立装,1×10×10×6,1×10片/包×60包/箱,"单包6901236300138
纸箱6901236310083",132,2.2,2.9
维达线下,全渠道,,,VW1009A,维达杀菌湿巾(无香)(单片装)10片×5包,1×10×5×12,1×10片×5包/提×12提/箱,"单包6901236300138
中包6901236300190
纸箱6901236310502",132,11,14.9
维达线下,NEC、LEC、KA、GT,升级后,,VW1012,维达杀菌湿巾·山茶花10片独立装,1×10×10×6,1×10片/包×60包/箱,"单包6901236300336
纸箱6901236310212",126,2.1,3.5
维达线下,全渠道,,,VW1015,维达杀菌湿巾·去油去汗10片独立装湿巾,1×10×10×6,1×10片/包×60包/箱,"单包6901236300343
纸箱6901236310229",126,2.1,2.9
维达线下,KA、GT、新渠道、NEC,,,VW1020,维达杀菌湿巾·温和无香3包超值装,1×10×3×20,(VW1009×3包)/提×20提/箱,"单包6901236300749
纸箱6901236310441",130,6.5,8.9
维达线下,全渠道,,,VW1027,维达纯水湿巾(80片),80×12,80片/包×12包/箱,"单包6901236301302
纸箱6901236310991",90,7.5,9.9
维达线下,全渠道,,清库存,VW1027A,维达纯水湿巾80片×4包,80×4×4,80片/包×4包/提×4提/箱,"单包6901236301302
中包6901236301395
纸箱6901236311097",128,32,39.9
维达线下,KA、GT、新渠道、NEC,,,VW1028,维达杀菌湿巾·温和无香(80片家庭装),80×12,80片/包×12包/箱,"单包6901236300732
纸箱6901236310434",114,9.5,12.9
维达线下,KA、GT、NEC、LEC,,,VW1028A,维达杀菌湿巾·温和无香(80片家庭装)3包/提(加送超迷你4小包),272×4,80片/包×3包/提×4提/箱,"单包6901236300732
中包6901236301463
纸箱6901236311141",120,30,37.9
维达线下,GT、KA、新渠道,,,VW1040,维达杀菌湿巾80片/包,80×12,80片/包×12包/箱,"单包6901236301586
纸箱6901236311271",90,7.5,9.9
维达线下,全渠道,,,VW1037,维达杀菌湿巾30片/包,30×40,30片/包×40包/箱,"单包6901236302040
纸箱6901236311769",140,3.5,4.9
维达线下,全渠道,,,VW1025,维达超迷你卫生湿巾8包装,8×8×20,(8片×8小包)/袋×20袋/箱,"单包6901236301258
中包6901236301265
纸箱6901236310960",160,8,9.9
维达线下,全渠道,,淘汰,VW1025B,维达超迷你卫生湿巾4包/袋,8×4×40,(8片×4小包)/袋×40袋/箱,"中包6901236301579
纸箱6901236311264",160,4,5.9
维达线下,全渠道,,淘汰,VW1035A,维达冰感爽肤卫生湿巾10片/包×8包/提,10×8×8,10片/包×8包/提×8提/箱,"卷膜6901236301722
中包6901236301739
纸箱6901236311424",160,20,29.9
维达线下,NEC、GT直采,,,VW1032-A,维达杀菌湿巾80片/包×5包/箱（线条小狗）,80×5,80片/包×5包/箱,"卷膜6901236302361
纸箱6901236312100",/,/,9.9
维达线下,NEC，KA，GT,,,VW5006,维达哪吒纯水超迷你湿巾8片*6包/提,8×6×30,(8片×6小包)/袋×30袋/箱,"小包6901236302590
中袋6901236302606
纸箱6901236312339",240,8,9.9
维达线下,全渠道,,,VW1026,维达超迷你卫生湿巾(儿童)8包装,8×8×20,(8片×8小包)/袋×20袋/箱,"单包6901236301272
中包6901236301289
纸箱6901236310977",160,8,9.9
维达线下,全渠道,,,VW1026A,维达超迷你卫生湿巾(儿童)3袋/提,8×8×3×8,(8片×8小包)/袋×3袋/提×8提/箱,"中包6901236301289
提装6901236301555
纸箱6901236311257",192,24,29.9
维达线下,NEC、KA、华南GT、华北GT,升级后,,VW1007,维达卫生湿巾.山茶花(60送20)片/包,80×16,80片/包×16包/箱,"单包6901236301517
纸箱6901236311202",120,7.5,9.9
维达线下,全渠道,,,VW2002,维达婴儿护肤80片湿巾,80×12,80片/包×12包/箱,"单包6901236300275
纸箱6901236310137",90,7.5,9.9
维达线下,全渠道,,,VW2004,维达婴儿手口80片湿巾,80×12,80片/包×12包/箱,"单包6901236300312
纸箱6901236310199",114,9.5,13.9
维达线下,全渠道,,,VW2009,维达婴儿湿巾·温和无香30片/包,30×40,30片/包×40包/箱,"单包6901236302125
纸箱6901236311899",140,3.5,4.9
维达线下,GT、KA、新渠道,,,VW3410,维达40片湿厕纸,40×20,40片/包×20包/箱,"单包6901236300558
纸箱6901236310335",88,4.4,5.9
维达线下,全渠道,,,VW3412,维达10片便携装湿厕纸,10×60,10片/包×60包/箱,"单包6901236301081
纸箱6901236310779",90,1.5,1.9
维达线下,KA、GT、NEC、LEC,,,VW3416,维达湿厕纸组盒装5包VW3415+4包VW3412,240×4,(VW3415×5包+VW3412×4包)/提×4提/箱,"中包6901236301333
纸箱6901236311011",112,28,34.9
维达线下,NEC、LEC、KA、GT,,,VW3422,维达超迷你湿厕纸8包装,7×8×20,(7片×8小包)/袋×20袋/箱,"小包6901236301760
中袋6901236301777
纸箱6901236311462",160,8,9.9
维达线下,NEC、华南LEC、KA、华北GT,,,VW3420,维达湿厕纸60片/包,60×16,60片×16包/箱,"卷膜6901236301616
纸箱6901236311295",104,6.5,8.9
维达线下,KA、京东超市、天猫旗舰店、天猫超市,,,VW3420C,维达湿厕纸60片/包×3包/提,60×3×4,60片×3包×4提/箱,"卷膜6901236301616
中袋6901236302163
纸箱6901236312056",/,/,19.9
维达线下,KA、GT、新渠道,,,VW3425,维达湿厕纸80片/包,80×12,80片×12包/箱,"卷膜6901236302033
纸箱6901236311837",96,8,9.9
维达线下,NEC、盒马,,,VW3423,维达山茶花超迷你湿厕纸6包装,7×6×30,(7片×6小包)/袋×30袋/箱,"小包6901236302132
中袋6901236302149
纸箱6901236311905",/,/,9.9
维达线下,全渠道,,,VW3409,维达山茶花精华湿厕纸80片/包,80×12,80片×12包/箱,"卷膜6901236302002
纸箱6901236311813",96,8,9.9
维达线下,GT、KA、NEC、华西LEC,,,VW3419,维达超迷你女性湿厕纸8包装,7×8×20,(7片×8小包)/袋×20袋/箱,"卷膜6901236301418
中包6901236301425
纸箱6901236311103",160,8,9.9
维达线下,全渠道,升级后,,VW4001,维达厨房清洁60片湿巾,60×20,60片/包×20包/箱,"单包6901236300367
纸箱6901236310243",140,7,9.9
维达线下,麦德龙,,淘汰,VW4001B,维达厨房湿巾26片×8包/盒,26×8×2,(26片/包×8包)/盒×2盒/箱,"单包6901236300367
纸盒6901236301692
纸箱6901236311387",/,/,89.9
维达线下,全渠道,,清库存,VW4002,维达厨房清洁(40+40)片湿巾,80×12,(40+40)片/包×12包/箱,"单包6901236300374
纸箱6901236310250",120,10,12.9
维达线下,全渠道,升级后,,VW4002,维达厨房清洁(40+20)片湿巾,60×12,(40+20)片/包×12包/箱,"单包6901236300374
纸箱6901236310250",120,10,12.9
维达线下,NEC、LEC、KA,由VW4002C升级而来,,VW4003,维达厨房清洁湿巾40片/包×3包/提,40×3×4,40片/包×3包/提×4提/箱,"小包6901236302347
中袋6901236300602
纸箱6901236311363",/,/,32.9
维达线下,Costco ,,,VW4003A,维达厨房清洁湿巾40片/包×6包/箱,40×6,40片/包×6包/箱×100箱/板,"小包6901236302347
纸箱6901236312087",/,/,59.9
维达线下,KA、GT、NEC、LEC,,,VW4018,维达厨房湿巾80片/包,80×8,80片/包×8包/箱,"中包6901236302064
纸箱6901236311783",116,14.5,19.9
维达线下,全渠道,,淘汰,VW1030A,维达酒精卫生湿巾30片/包×3包/提,30×3×12,(30片/包×3包)/提×12提/箱,"单包6901236301449
提装6901236301524
纸箱6901236311226",192,16,19.9
维达线下,GT、KA、新渠道,,淘汰,VW4012,维达衣物清洁湿巾1×10片,1×10×72,(1×10片)/包×72包/箱,"中包6901236301890
纸箱6901236311592",144,2,2.9
维达线下,全渠道,,,VW4015,维达羽绒服湿巾10片8包/提,10×8×8,10片包×8包/提×8提/箱,"小包6901236302170
中袋6901236302187
纸箱6901236312131",60,7.5,9.9
维达线上,全渠道,,,V0036A,维达超韧纸手帕4层18包装(熊出没印花),1×18×20,4层8张18包/条×20条/箱,"单包6901236374382
中包6901236383575
纸箱6901236352144",160,8,9.9
维达线上,全渠道,,,V0036C,维达超韧纸手帕4层36包装(无香),1×36×10,4层8张36包/条×10条/箱,"单包6901236374382
中包6901236384220
纸箱6901236352489",150,15,19.9
维达线上,KA、NEC、LEC,,,V0135D,维达超韧超迷你纸手帕4层24包装(印花),1×24×24,4层5张24包/条×24条/箱,"小包6901236347157
中包6901236387733
纸箱6901236357545",192,8,9.9
维达线上,华西LEC,,淘汰,V0135E,维达超韧超迷你纸手帕4层18包装(印花),1×18×20,4层5张18包/条×20条/箱,"小包6901236347157
中包6901236382226
纸箱6901236351376",110,5.5,7.9
维达线上,NEC、LEC,,,V0138,维达超韧纸手帕4层18包装(印花),1×18×24,4层7张18包/条×24条/箱,"小包6901236349120
中包6901236388600
纸箱6901236358658",180,7.5,9.9
维达线上,抖音旗舰店、华西LEC,,,V0139,维达超韧超迷你纸手帕4层24包装(小苍兰香),1×24×24,4层5张24包/条×24条/箱,"中包6901236388969
纸箱6901236359181",156,6.5,7.9
维达线上,KA、GT、新渠道、天猫旗舰店,,,V0169,维达超韧纸手帕4层24包装(自然无香),1×24×12,4层7张24包/条×12条/箱,"单包6901236343036
中包6901236384954
纸箱6901236353462",/,/,9.9
维达线上,KA、GT、新渠道、NEC,,清库存,V0083,维达超韧迷你纸手帕4层24包装(雏菊淡香)),1×24×12,4层7张24包/条×12条/箱,"小包6901236347713
中包6901236384923
纸箱6901236353370",/,/,9.9
维达线上,KA、GT、NEC,,,V0083,维达超韧迷你纸手帕4层24包装(线条小狗葡萄香),1×24×12,4层7张24包×12中包/箱,"小包6901236347713
中包6901236384923
纸箱6901236353370",/,/,9.9
维达线上,抖音旗舰店、拼多多自营、天猫旗舰店、天猫超市、京东超市、屈臣氏、商用,,,V0084,维达超韧迷你纸手帕4层30包装,1×30×24,4层5张30包/条×24条/箱,"小包6901236347768
中包6901236330111
纸箱6901236321843",/,/,9.9
维达线上,GT、KA、NEC、LEC,,,V0134,维达超韧迷你纸手帕4层18包装(山茶花香印花),1×18×24,4层7张18包×24中包/箱,"小包6901236348420
中包6901236330678
纸箱6901236322895",192,8,9.9
维达线上,全渠道,,,V0166A,维达超迷你超韧纸手帕4层(24送6)包装(航天IP),1×30×24,4层5张(24送6)包/条×24条/箱,"小包6901236347126
中包6901236388990
纸箱6901236359235",192,8,9.9
维达线上,全渠道,,,V0012-4,维达超韧纸手帕4层12包装,1×12×36,4层7张12包/条×36条/箱,"中包6901236380642
纸箱6901236372395",144,4,5.9
维达线上,全渠道,由V0166升级而来,淘汰,V0145,维达超韧纸手帕4层7张18包装(甜心莓莓无香印花）,1×18×24,4层7张18包/条×24条/箱,"小包6901236349519
中包6901236382684
纸箱6901236351475",180,7.5,9.9
维达线上,KA、NEC、LEC,,,V0145A,维达超韧纸手帕4层7张48包装(甜心莓莓无香印花）,1×48×6,4层7张48包/条×6条/箱,"小包6901236349519
中包6901236389232
纸箱6901236325667",96,16,24.9
维达线上,NEC、LEC、华南GT,,,V0142,维达超韧纸手帕4层7张18包装(檀木香）,1×18×24,4层7张18包/条×24条/箱,"小包6901236349939
中包6901236332900
纸箱6901236325582",192,8,9.9
维达线上,京东超市、天猫旗舰店、抖音旗舰店、天猫超市、小红书维达居家日用旗舰店、小红书维达官方旗舰店、拼多多自营、京东POP、维达纸业旗舰店,,淘汰,V0146,维达超韧纸手帕4层7张12包装(与凤行印花）,1×12×30,4层7张12包/条×30条/箱,"小包6901236349922
中包6901236332757
纸箱6901236325568",/,/,6.9
维达线上,NEC、LEC、商用,,淘汰,V0147,维达超韧纸手帕4层7张12包装(熊出没糖果香印花),1×12×30,4层7张12包/条×30条/箱,"小包6901236040249
中包6901236333136
纸箱6901236325827",135,4.5,6.9
维达线上,华商创辉,,,V0085,维达超韧纸手帕4层5张30包装(雏菊香),1×30×24,4层5张30包/条×24条/箱,"小包6901236040430
中包6901236333594
纸箱6901236326190",192,8,9.9
维达线上,NEC、GT、GT直采、KA便利店,,,V0148,维达超韧纸手帕4层7张12包装(线条小狗印花),1×12×30,4层7张12包/条×30条/箱,"小包6901236040492
中包6901236333648
纸箱6901236326282",/,/,7.9
维达线上,新渠道、LEC,,,V0165,维达超韧纸手帕4层5张48包装,1×48×8,4层5张48包/条×8条/箱,"单包6901236040423
中包6901236333518
纸箱6901236326084",96,12,15.9
维达线上,NEC,,,V0140,维达超韧纸手帕4层5张30包装(空谷苍兰香),1×30×24,4层5张30包/条×24条/箱,"中包6901236332702
纸箱6901236326572",192,8,9.9
维达线上,LEC,,,V0087,维达超韧超迷你纸手帕4层30包装,1×30×24,4层5张30包/条×24条/箱,"小包6901236041017
中包6901236334010
纸箱6901236327128",192,8,9.9
维达线上,京东超市、京东POP、天猫超市、天猫旗舰店、小红书维达居家日用旗舰店、小红书维达旗舰店、盒马、商用、GT直采,,,V0143,维达超韧超迷你纸手帕4层36包装(线条小狗印花),1×36×9,4层7张36包/条×9条/箱,"小包6901236041321
中包6901236334232
纸箱690123632772",/,/,19.9
维达线上,KA、LEC,,,V0134A,维达超韧迷你纸手帕4层6包装(山茶花香印花),1×6×72,4层7张6包×72中包/箱,"小包6901236348420
中包6901236332665
纸箱6901236325162",144,2,3.9
维达线上,NEC,,,V0149,维达超韧超迷你纸手帕4层36包装(哪吒印花),1×36×9,4层7张36包×9中包/箱,"小包6901236041987
中包6901236335345
纸箱6901236328866",/,/,19.9
维达线上,KA、GT、LEC,,,V0068,维达细韧纸手帕3层×10包,1×10×40,3层8张10包/条×40条/箱,"中包6901236378281
纸箱6901236377727",104,2.6,3.9
维达线上,全渠道,,,V0123,维达倍韧纸手帕3层10包装(无香),1×10×45,3层8张10包/条×45条/箱,"中包6901236379783
纸箱6901236351017",117,2.6,3.9
维达线上,京东超市、抖音旗舰店,,,V2880A,维达棉韧抽取面巾3层M码100抽×4包,1×4×12,M码3层100抽×4包/提×12提/箱,"单包6901236345672
中袋6901236333778
纸箱6901236326503",/,/,9.9
维达线上,NEC,,,V2880-A,维达棉韧抽取面巾3层M码100抽×20包,1×20,M码3层100抽×20包/箱,"单包6901236345672
纸箱6901236358429",/,/,44.9
维达线上,NEC、商用,,,V2880-B,维达棉韧抽取面巾3层M码100抽×24包,1×24,M码3层100抽×24包/箱,"单包6901236345672
纸箱6901236321737",/,/,52.9
维达线上,NEC、麦德龙,,,V2880-D,维达棉韧抽取面巾3层M码100抽×20包(线条小狗),1×20,M码3层100抽×20包/箱,"单包6901236345672
纸箱6901236326329",/,/,46.9
维达线上,抖音旗舰店,,,V2880-E,维达棉韧抽取面巾3层M码100抽×40包,1×40,M码3层100抽×40包/箱,"单包6901236345672
纸箱6901236327869",/,/,89.9
维达线上,京东超市、京东pop、天猫旗舰店、天猫超市、抖音旗舰店、小红书、vinda维达官方旗舰店,,,V2880-F,维达棉韧抽取面巾3层M码100抽×20包(线条小狗),1×20,M码3层100抽×20包/箱,"单包6901236345672
纸箱6901236327876",/,/,46.9
维达线上,抖音旗舰店、LEC、京东POP、拼多多,,,V2839-A,维达棉韧抽取面巾3层M码90抽×18包,1×18,M码3层90抽×18包/箱,"卷膜6901236347980
纸箱6901236324103",32,32,37.9
维达线上,抖音旗舰店,,,V2839-B,维达棉韧抽取面巾3层M码90抽×18包,1×18,M码3层90抽×18包/箱,"卷膜6901236347980
纸箱6901236324608",/,/,37.9
维达线上,抖音旗舰店、天猫超市、天猫旗舰店、小红书维达官方旗舰店、京东超市,,,V2839-C,维达棉韧抽取面巾(与凤行)3层M码90抽×18包,1×18,M码3层90抽×18包/箱,"小包6901236347980
纸箱6901236325452",/,/,37.9
维达线上,天猫超市,,,V2839-D,维达棉韧抽取面巾3层M码90抽×40包/箱,1×40,M码3层90抽×40包/箱,"小包6901236347980
纸箱6901236326947",/,/,74.9
维达线上,天猫超市、京东超市、GT,,,V2833,维达棉韧抽取面巾3层S码100抽×6包,1×6×8,S码3层100抽×6包/提×8提/箱,"单包6901236345795
中包6901236388372
纸箱6901236358443",/,/,14.9
维达线上,天猫超市,,,V2833-A,维达棉韧抽取面巾3层S码100抽×(24送6)包,1×30,S码3层100抽×(24送6)包/箱,"单包6901236345795
纸箱6901236359389",/,/,49.9
维达线上,京东超市、商用,,,V2833-B,维达棉韧抽取面巾3层S码100抽×24包/箱,1×24,S码3层100抽×24包/箱,"单包6901236345795
纸箱6901236359631",/,/,39.9
维达线上,京东超市,,,V2833-D,维达棉韧抽取面巾3层S码100抽×36包/箱,1×36,S码3层100抽×36包/箱,"单包6901236345795
纸箱6901236326411",/,/,59.9
维达线上,NEC,,淘汰,V2885-A,维达棉韧压花抽取面巾3层S码110抽×20包,1×20,S码3层110抽×20包/箱,"单包6901236344033
纸箱6901236320600",/,/,44.9
维达线上,天猫旗舰店,,,V2882-A,维达棉韧软抽3层S码108抽×24包,1×24,S码3层108抽×24包/箱,纸箱6901236354933,/,/,44.9
维达线上,KA、GT、拼多多,,,V2866,维达棉韧抽取面巾3层XS码100抽×12包,1×12×5,XS码3层100抽×12包/提×5提/箱,"单包6901236345313
中包6901236387764
纸箱6901236357569",/,/,19.9
维达线上,拼多多、LEC,,,V2866-A,维达棉韧抽取面巾3层XS码100抽×24包/提,1×24,XS码3层100抽×24包/箱,"单包6901236345313
纸箱6901236359167",32,32,37.9
维达线上,天猫超市、立体美旗舰店、新渠道、京东POP、天猫旗舰店、维达集团旗舰店、LEC,,,V2834B,维达棉韧抽取面巾3层S码90抽×8包/提,1×8×6,S码3层90抽×8包/提×6提/箱,"单包6901236346853
中包6901236330081
纸箱6901236321775",69,11.5,14.9
维达线上,NEC、KA、GT校园店、新渠道,,,V2834D,维达棉韧抽取面巾3层S码90抽6包/提,1×6×10,S码3层90抽×6包/提×10提/箱,"单包6901236346853
中包6901236333693
纸箱6901236326367",/,/,9.9
维达线上,LEC、商用,,,V2834-A,维达棉韧抽取面巾3层S码90抽×24包,1×24,S码3层90抽×24包/箱,"单包6901236346853
纸箱6901236320334",32,32,39.9
维达线上,NEC、LEC,,,V2834-B,维达棉韧抽取面巾3层S码90抽×20包,1×20,S码3层90抽×20包/箱,"单包6901236346853
纸箱6901236321812",29,29,34.9
维达线上,天猫旗舰店、立体美旗舰店、京东POP、盒马,,,V2834-C,维达棉韧抽取面巾3层S码90抽×30包,1×30,S码3层90抽×30包/箱,"单包6901236346853
纸箱6901236322161",/,/,49.9
维达线上,天猫旗舰店、抖音旗舰店、天猫超市、维达集团旗舰店、立体美旗舰店、维达支付宝小程序、小红书维达居家日用旗舰店、小红书维达旗舰店,,,V2834-D,维达棉韧抽取面巾3层S码90抽×24包,1×24,S码3层90抽×24包/箱,"单包6901236346853
纸箱6901236326466",/,/,42.9
维达线上,唯品会、爱库存、好衣库、东方福利网,,,V2834-E,维达棉韧抽取面巾3层S码90抽×24包,1×24,S码3层90抽×24包/箱,"单包6901236346853
纸箱6901236326725",34.5,34.5,39.9
维达线上,NEC、KA,,淘汰,V2890-A,维达棉韧焕彩抽取面巾3层S码100抽×20包,1×20,S码3层100抽×20包/箱,"卷膜6901236347386
纸箱6901236321140",/,/,42.9
维达线上,苏州乾之胜,,,V2867,维达棉韧压花抽取面巾3层XS码110抽×10包/提,1×10×5,XS码3层110抽×10包/提×5提/箱,"单包6901236349595
纸箱6901236324806",73.5,14.7,18.9
维达线上,天猫旗舰店、京东超市、抖音旗舰店、华西LEC,,淘汰,V2838-A,维达棉韧压花抽取面巾3层M码90抽×18包/箱（小苍兰香）,1×18,M码3层90抽×18包/箱,"小包6901236349724
纸箱6901236324981",34,34,39.9
维达线上,京东POP、京东超市、天猫超市、vinda维达官方旗舰店、天猫维达集团旗舰店、维达集团支付宝小程序、小红书居家日用旗舰店、抖音官方旗舰店、商用,,,V2830-A,维达棉韧抽取面巾3层S码110抽×30包,1×30,S码3层110抽×30包/箱,"单包6901236041499
纸箱6901236327890",/,/,59.9
维达线上,京东超市、天猫超市、天猫旗舰店、微信小程序、华南GT、KA,,,V2900,维达棉韧奢柔抽取面巾3层M码80抽×6包/提,1×6×6,M码3层80抽×6包/提×6提/箱,"卷膜6901236348338
中包6901236331415
纸箱6901236323663",81,13.5,16.9
维达线上,NEC、新渠道前置仓,,,V2900A,维达棉韧奢柔抽取面巾3层M码80抽×3包/提,1×3×12,M码3层80抽×3包/提×12提/箱,"卷膜6901236348338
中包6901236331842
纸箱6901236324035",84,7,9.9
维达线上,GT、新渠道、LEC,,,V2900B,维达棉韧奢柔抽取面巾3层M码80抽×6包/提,1×6×6,M码3层80抽×6包/提×6提/箱,"小包6901236348338
中包6901236330692
纸箱6901236322925",78,13,14.9
维达线上,NEC、盒马、商用,,,V2900-A,维达棉韧奢柔抽取面巾3层M码80抽×16包/箱,1×16,M码3层80抽×16包/箱,"卷膜6901236348338
纸箱6901236322871",35,35,39.9
维达线上,维达旗舰店、抖音、京东超市、猫超,,,V2900-B,维达棉韧奢柔抽取面巾3层M码80抽×20包/箱,1×20,M码3层80抽×20包/箱,"卷膜6901236348338
纸箱6901236323274",/,/,52.9
维达线上,KA、GT、LEC,,,V2901A,维达棉韧奢柔抽取面巾3层S码80抽×12包/提,1×12×3,S码3层80抽×12包/提×3提/箱,"小包6901236348413 
中包6901236330708 
纸箱6901236322956",60,20,24.9
维达线上,华中KA、拼多多,,淘汰,V2901C,维达棉韧奢柔抽取面巾3层S码80抽×8包/提,1×8×5,S码3层80抽×8包/提×5提/箱,"小包6901236348413 
中包6901236332078
纸箱6901236324622",/,/,19.9
维达线上,GT、天猫旗舰店、维达集团旗舰店、LEC,清库存,淘汰,V2902,维达棉韧奢柔抽取面巾3层M码70抽×8包/提,1×8×6,M码3层70抽×8包/提×6提/箱,"单包6901236349304
中袋6901236332139
纸箱6901236324691",90,15,19.9
维达线上,GT、LEC,,淘汰,V2902,维达棉韧奢柔抽取面巾3层M码70抽×10包/提,1×10×5,M码3层70抽×10包/提×5提/箱,"单包6901236349304
中袋6901236332139
纸箱6901236324691",87.5,17.5,19.9
维达线上,NEC、商用,,复活,V2902-A,维达棉韧奢柔抽取面巾3层M码70抽×24包/箱,1×24,M码3层70抽×24包/箱,"单包6901236349304
纸箱6901236324318",44,44,54.9
维达线上,抖音、天猫超市、LEC、商用,,,V2902-B,维达棉韧奢柔抽取面巾3层M码70抽×20包/箱,1×20,M码3层70抽×20包/箱,"单包6901236349304
纸箱6901236324325",38,38,44.9
维达线上,天猫旗舰店,,淘汰,V2902-C,维达棉韧奢柔抽取面巾3层M码70抽/包,1×30,M码3层70抽×30包/箱,"小包6901236349304
纸箱6901236325520",/,/,2.5
维达线上,京东超市、天猫超市、快手、唯品会、苏宁、抖音旗舰店，天猫旗舰店、LEC,,淘汰,V2903-A,维达棉韧奢柔抽取面巾3层S码70抽×24包/箱,1×24,S码3层70抽×24包/箱,"单包6901236349328
纸箱6901236324332",36,36,44.9
维达线上,NEC,,淘汰,V2906-A,维达棉韧奢柔抽取面巾3层M码70抽×30包/箱,1×30,M码3层70抽×30包/箱,"单包6901236349816
纸箱6901236325131",/,/,56.9
维达线上,阿里、京东超市、抖音,,,V2920-A,维达羊绒感80抽3层M码抽取式纸面巾(1×20)装/箱,1×20,M码3层80抽×20包/箱,"单包6901236041727
纸箱6901236328323",/,/,56.9
维达线上,阿里、京东超市、抖音,,,V2921,维达羊绒感70抽3层M码抽取式纸面巾(1×3×12装/箱,1×3×12,M码3层70抽×3包/提×12提/箱,"单包6901236041956
中包6901236335314
纸箱6901236328804",78,6.5,7.9
维达线上,天猫旗舰店、抖音旗舰店,,,V2921-A,维达羊绒感70抽3层M码抽取式纸面巾(1×24)装/箱,1×24,M码3层70抽×24包/箱,"单包6901236041956
纸箱6901236328811",/,/,59.9
维达线上,NEC、LEC,,淘汰,V2808-A,维达超韧4层抽取面巾(凤穿牡丹)4层S码100抽×(18+2)包,1×20,S码4层100抽×(18+2)包/箱,"单包6901236346259
纸箱6901236359211",38,38,44.9
维达线上,NEC,,,V2807-A,维达超韧4层抽取面巾(莓莓版)4层S码90抽×20包,1×20,S码4层90抽×20包/箱,"卷膜6901236347430
纸箱6901236321218",/,/,44.9
维达线上,NEC、盒马、便利店,,,V2805-A,维达超韧4层抽取面巾(山茶花印花有香)4层S码90抽×20包/箱,1×20,S码4层90抽×20包/箱,"小包6901236348574
纸箱6901236323168",/,/,44.9
维达线上,抖音旗舰店、京东超市、京东POP、天猫旗舰店、天猫集团旗舰店、天猫超市、小红书居家日用旗舰店、小红书维达旗舰店,,,V2806-A,维达超韧4层抽取面巾(山茶花印花有香)4层M码90抽×18包/箱,1×18,M码4层90抽×18包/箱,"小包6901236347591
纸箱6901236328682",/,/,49.9
维达线上,KA、GT、新渠道、LEC、快手,,,V2240,维达超韧抽取面巾3层L码120抽×4包,1×4×12,L码3层120抽×4包/提×12提/箱,"单包6901236341599
中包6901236382981
纸箱6901236351727",150,12.5,15.9
维达线上,NEC、商用,,,V2182-A,维达超韧软抽3层M码(130+20)抽×24包,1×24,M码3层(130+20)抽×24包/箱,"单包6901236340288
纸箱6901236351840",/,/,69.9
维达线上,京东超市,,,V2252-B,维达超韧软抽3层M码130抽×24包,1×24,M码3层130抽×24包/箱,"单包6901236341957
纸箱6901236320228",/,/,54.9
维达线上,KA、GT、NEC,,,V2889,维达超韧抽取面巾3层M码120抽×8包,1×8×6,M码3层120抽×8包/提×6提/箱,"单包6901236343722
中包6901236385579
纸箱6901236354100",/,/,19.9
维达线上,天猫超市,,,V2388,维达超韧软抽3层M码120抽×24包,1×24,M码3层120抽×24包/箱,纸箱6901236354155,/,/,49.9
维达线上,抖音旗舰店、快手、唯品会、华南LEC、华西LEC、华北LEC、京东POP、商用,,,V2253-A,维达超韧抽取面巾3层M码100抽×24包,1×24,M码3层100抽××24包/箱,"单包6901236348307
纸箱6901236322772",39.5,39.5,47.9
维达线上,京东超市、天猫旗舰店、天猫超市、抖音旗舰店、拼多多自营、小红书维达居家日用旗舰店、小红书维达官方旗舰店,,淘汰,V2253-B,维达超韧抽取面巾(与凤行)3层M码100抽×24包,1×24,M码3层100抽×24包/箱,"单包6901236348307
纸箱6901236325445",/,/,49.9
维达线上,抖音旗舰店,,,V2253-C,维达超韧抽取面巾(哪吒IP)3层M码100抽×20包,1×20,M码3层100抽×20包/箱,"单包6901236348307
纸箱6901236328644",/,/,42.9
维达线上,京东超市、京东POP、天猫旗舰店、天猫集团旗舰店、天猫超市、小红书居家日用旗舰店、小红书维达旗舰店、商用,,,V2253-D,维达超韧抽取面巾(哪吒IP)3层M码100抽×24包,1×24,M码3层100抽×24包/箱,"单包6901236348307
纸箱6901236328651",/,/,47.9
维达线上,京东超市,,,V2219-A,维达超韧软抽3层S码150抽×40包/箱,1×8×5,S码3层150抽×40包/箱,"单包6901236341292
纸箱6901236326770",/,/,89.9
维达线上,NEC、商用,,,V2219-B,维达超韧软抽3层S码150抽×24包,1×24,S码3层150抽×24包/箱,"单包6901236341292
纸箱6901236352434",/,/,59.9
维达线上,全渠道,,,V2223,维达超韧抽取面巾3层S码120抽×4包,1×4×16,S码3层120抽×4包/提×16提/箱,"单包6901236341384
中包6901236382691
纸箱6901236351482",128,8,9.9
维达线上,抖音旗舰店、京东POP、商用,,,V2223-B,维达超韧软抽3层S码120抽×20包,1×20,S码3层120抽×20包/箱,"单包6901236341384
纸箱6901236357620",/,/,39.9
维达线上,华北LEC、天猫旗舰店、天猫超市,,淘汰,V2223-C,维达超韧抽取面巾3层S码120抽×24包,1×24,S码3层120抽×24包/箱,"单包6901236341384
纸箱6901236358832",42,42,47.9
维达线上,NEC、LEC、商用,,,V2223-D,维达超韧软抽3层S码120抽×30包,1×30,S码3层120抽×30包/箱,"单包6901236341384
纸箱6901236359174",52,52,59.9
维达线上,全渠道,,,V2239,维达超韧抽取面巾3层S码130抽×6包,1×6×8,S码3层×130抽×6包/提×8提/箱,"单包6901236341582
中包6901236382974
纸箱6901236351710",96,12,15.9
维达线上,NEC、LEC、商用,,,V2239-B,维达超韧软抽3层S码130抽×24包,1×24,S码3层130抽×24包/箱,"单包6901236341582
纸箱6901236353523",46.2,46.2,49.9
维达线上,华西LEC,,,V2288-A,维达超韧抽取面巾3层S码110抽×18包/箱,1×18,S码3层110抽×18包/箱,"单包6901236346037
纸箱6901236322215",26.5,26.5,32.9
维达线上,拼多多、华北LEC,由V2286-C升级而来,,V2288-C,维达超韧抽取面巾3层S码110抽×20包/箱,1×20,S码3层110抽×20包/箱,"单包6901236346037
纸箱6901236322086",31,31,36.9
维达线上,京东超市,由V2626-A升级而来,,V2828-A,维达超韧软抽3层S码126抽×20包,1×20,S码3层126抽×20包/箱,"单包6901236344613
纸箱6901236357767",/,/,41.9
维达线上,NEC,升级为V2288-D,淘汰,V2286,维达超韧抽取面巾3层S码110抽×30包,1×30,S码3层110抽×30包/箱,"单包6901236346624
纸箱6901236358948",/,/,56.9
维达线上,LEC,,,V2287-B,维达超韧抽取面巾3层S码100抽×24包/箱,1×24,S码3层100抽×24包/箱,"单包6901236346815
纸箱6901236321027",32,32,39.9
维达线上,苏宁、爱库存,,淘汰,V2287-C,维达超韧抽取面巾3层S码100抽×20包/箱,1×20,S码3层100抽×20包/箱,"小包6901236346815
纸箱'6901236356289",/,/,35.9
维达线上,抖音旗舰店,,,V2287-D,维达超韧抽取面巾3层S码100抽×40包/箱,1×40,S码3层100抽×40包/箱,"小包6901236346815
纸箱6901236328293",/,/,69.9
维达线上,NEC、LEC、新渠道,,,V2287A,维达超韧抽取面巾3层S码100抽×10包/提,1×10×6,S码3层100抽×10包/提×6提/箱,"单包6901236346815
中包6901236330074
纸箱6901236321690",102,17,17.9
维达线上,华北LEC,,,V2287D,维达超韧抽取面巾3层S码100抽×60包/箱(透明手抽袋),1×5×12,S码3层100抽×60包/箱,"单包6901236346815
纸箱6901236322802",86.5,86.5,125
维达线上,新渠道、天猫超市、粉白区GT,,,V2287F,维达超韧抽取面巾3层S码100抽×8包/提,1×8×6,S码3层100抽×8包/提×6包/箱,"小包6901236346815
中包6901236332597
纸箱6901236324950",/,/,15.9
维达线上,拼多多旗舰店、京东POP,,,V2270-A,维达超韧抽取面巾3层S码100抽×24包/箱,1×24,S码3层100抽×24包/箱,"小包6901236040898
纸箱6901236326817",/,/,42.9
维达线上,全渠道,,,V2685,超韧便携式餐巾纸4层20抽×10包,1×10×15,186×186×4层×20抽/包×10包/提×15提/箱,"小包6901236345344
中袋6901236387832
纸箱6901236357590",127.5,8.5,9.9
维达线上,NEC、LEC、KA、华南GT,,,V2680,超韧便携式餐巾纸4层20抽×10包（山茶花香）,1×10×15,186×186×4层×20抽/包×10包/提×15提/箱,"小包6901236349670
中袋6901236332603
纸箱6901236324974",127.5,8.5,9.9
维达线上,NEC、LEC,,,V2681,超韧便携式餐巾纸4层20抽×10包（中式美学印花）,1×10×15,186×186×4层×20抽/包×10包/提×15提/箱,"小包6901236340515
中袋6901236333686
纸箱6901236326343",120,8,9.9
维达线上,NEC、GT直采、KA,,,V2682,超韧便携式餐巾纸4层20抽×10包,1×10×15,186×186×4层×20抽/包×10包/提×15提/箱,"小包6901236040621
中袋6901236333761
纸箱6901236326497",/,/,9.9
维达线上,NEC、GT直采、KA,,,V2683,超韧便携式餐巾纸（哪吒）4层20抽×10包,1×10×15,186×186×4层×20抽/包×10包/提×15提/箱,"小包6901236041864
中包6901236335253
纸箱6901236328699",/,/,12.9
维达线上,京东超市,,,V2282-A,维达超韧抽取面巾3层S码110抽×24包/箱,1×24,S码3层110抽×24包/箱,纸箱6901236322369,/,/,39.9
维达线上,天猫超市,,,V2283-A,维达超韧抽取面巾(航天版)3层S码100抽×20送4包/箱 ,1×24,S码3层100抽×(20送4)包/箱,纸箱6901236352915,/,/,39.9
维达线上,天猫超市、旗舰店、京东POP,,,V2283-B,维达超韧抽取面巾3层S码100抽×30包/箱 ,1×30,S码3层100抽×30包/箱,"单包6901236348109
纸箱6901236323588",/,/,49.9
维达线上,NEC、LEC,,,V2588-A,维达超韧Plus悬挂软抽3层L码200抽×4提/箱,1×4,L码3层200抽×4提/箱,"中袋6901236389225
纸箱6901236359907",23,23,27.9
维达线上,华南GT&华东GT、NEC、LEC,,,V2589-A,维达超韧Plus悬挂软抽3层M码280抽×4提/箱,1×4,M码3层280抽×4提/箱,"中袋6901236333075
纸箱6901236325735",24,24,29.9
维达线上,NEC、LEC、KA,,淘汰,V2589-C,维达超韧Plus悬挂软抽3层M码280抽×8提/箱,1×8,M码3层280抽×8提/箱,"中袋6901236333075
纸箱6901236326473",48,48,59.9
维达线上,GT、NEC、KA,,,V2589C,维达超韧Plus悬挂软抽3层M码280抽×8提/箱,1×8,M码3层280抽×8提/箱,"中袋6901236333075
纸箱6901236327708",48,6,7.9
维达线上,NEC、商用,,,V2590-A,维达超韧Plus悬挂软抽3层M码280抽×4提/箱,1×4,M码3层280抽×4提/箱,"中袋6901236333082
纸箱6901236325742",/,/,29.9
维达线上,抖音旗舰店,,淘汰,V2590-B,维达超韧Plus悬挂软抽3层M码280抽×4提/箱,1×4,M码3层280抽×4提/箱,"中袋6901236333082
纸箱6901236325742",/,/,29.9
维达线上,NEC、商用,,,V2590-C,维达超韧Plus悬挂软抽3层M码280抽×8提/箱,1×8,M码3层280抽×8提/箱,"中袋6901236333082
纸箱6901236326565",/,/,59.9
维达线上,NEC（除拼多多）,,,V2480-A,维达棉韧Plus悬挂软抽4层M码210抽×6提/箱,1×6,M码4层210抽×6提/箱,"中袋6901236334546
纸箱6901236327852",/,/,29.9
维达线上,"天猫
京东",,,V2480-C,维达棉韧Plus挂抽M码210抽/提 10提/箱,1×10,M码4层210抽/提x10提/箱,"手抽6901236334546
纸箱6901236328255",/,/,49.9
维达线上,抖音旗舰店,,,V2481-A,维达棉韧Plus挂抽L码210抽/提 8提/箱,1×8,L码4层210抽/提x8提/箱,"手抽6901236334638
纸箱6901236328019",/,/,59.9
维达线上,LEC、拼多多,,,V2482-A,V2482-A 维达棉韧plus软抽210抽4层悬挂式纸面巾(1x6)箱,1×6,133×175×4层×210抽×6提/箱,"中包6901236334591
纸箱6901236327975",26,26,32.9
维达线上,抖音旗舰店,,,V2485-A,V2485-A 维达棉韧plus软抽210抽4层悬挂式纸面巾(1x10)箱,1×10,147×175×4层×210抽×10提/箱,"中包6901236334652
纸箱6901236328033",/,/,49.9
维达线上,猫旗,,,V2592-A,维达超韧Plus挂抽M码226抽/提10提/箱(线条小狗款）,1×10,M码3层226抽/提x10提/箱,"手抽6901236334560
纸箱6901236327906",/,/,59.9
维达线上,全NEC（除拼多多）、商用,,,V2593-A,维达超韧Plus挂抽M码240抽/提6提/箱（哪吒联名款）,1×6,M码153×175×3层240抽/提x6提/箱,"手抽6901236335277
纸箱6901236328736",/,/,39.9
维达线上,NEC、LEC,,清库存,V2212-B,维达细韧软抽3层S码140抽×18包,1×18,S码3层140抽×18包/箱,"单包6901236341056
纸箱6901236353905",32,32,39.9
维达线上,NEC、LEC,升级后,,V2212-B,维达细韧软抽3层S码140抽×18包,1×18,133×180×3层×140抽×18包/箱,"单包6901236341056
纸箱6901236353905",32,32,36.9
维达线上,天猫超市,,清库存,V2603,维达细韧软抽3层XS码130抽×(18送6)包/箱,1×24,XS码3层130抽×(18送6)包/箱,纸箱6901236357668,/,/,42.9
维达线上,天猫超市,升级后,,V2603,维达细韧软抽3层XS码130抽×(18送6)包/箱,1×24,127×180×3层×130抽×(18送6)包/箱,纸箱6901236357668,/,/,42.9
维达线上,NEC、LEC、KA、新渠道,,,V2606B,维达细韧软抽3层S码100抽×6包,1×6×8,S码3层100抽×6包/提×8提/箱,"单包6901236347102
中包6901236389652
纸箱6901236320785",68,8.5,9.9
维达线上,NEC、LEC、KA、新渠道,,,V2606B,维达细韧软抽3层S码100抽×6包,1×6×10,S码3层100抽×6包/提×10提/箱,"单包6901236347102
中包6901236389652
纸箱6901236320785",85,8.5,9.9
维达线上,NEC、LEC、商用,,,V2607,维达细韧软抽3层XS码100抽×24包,1×24,XS码3层100抽×24包/箱,纸箱6901236358412,28,28,34.9
维达线上,新渠道、LEC,,,V2607A,维达细韧软抽3层XS码100抽×6包×10提,1×6×10,XS码3层100抽×6包/提×10提/箱,"小包:无
中包6901236332917
纸箱6901236325629",80,8,9.9
维达线上,NEC、华西LEC、商用,,清库存,V2609-A,维达细韧抽取面巾3层XS码120抽×20包/箱,1×20,XS码3层120抽×20包/箱,"单包6901236346549
纸箱6901236357903",28,28,34.9
维达线上,NEC、LEC、商用,升级后,,V2609-A,维达细韧软抽3层XS码120抽×20包/箱,1×20,127×180×3层120抽×20包/箱,"单包6901236346549
纸箱6901236357903",28,28,34.9
维达线上,LEC,,淘汰,V2610-A,维达细韧抽取面巾3层S码120抽×20包/箱,1×20,S码3层120抽×20包/箱,"单包6901236347164
纸箱6901236320877",33.5,33.5,39.9
维达线上,LEC,,,V2612-A,维达细韧抽取面巾3层M码120抽×24包/箱,1×24,153×180×3层120抽×24包/箱,纸箱6901236328620,40,40,49.9
维达线上,LEC（乾之胜高登、易氏云仓),,,V2616,维达细韧抽取面巾3层S码100抽×8包/提,1×8×8,133×180×3层100抽×8包/提×8提/箱,"小包6901236040287
中包6901236335246
纸箱6901236328675",72,9,12.9
维达线上,NEC、LEC,,,V2616-A,维达细韧软抽3层S码100抽×20包,1×20,133×180×3层100抽×20包/箱,"小包6901236040287
纸箱6901236325926",24.9,24.9,29.9
维达线上,NEC,,,V2616-B,维达细韧软抽3层S码100抽×40包,1×40,133×180×3层100抽×40包/箱,"小包6901236040287
纸箱6901236325940",/,/,59.9
维达线上,新渠道、拼多多、KA,V2609升级而来,,V2619,维达细韧软抽3层XS码100抽×8包/提,1×8×6,127×180×3层100抽×8包×6提/箱,"小包6901236040324
中包6901236389218
纸箱6901236359822",57,9.5,12.9
维达线上,京东超市,,,V2611-A,维达细韧软抽3层XS码110抽60包/箱,1×60,127×180×3层110抽×60包/箱,"小包 6901236041109
纸箱 6901236327210",/,/,89.9
维达线上,LEC、新渠道、抖音旗舰店、拼多多,,,V2301A,维达倍韧软抽3层XS码100抽×6包/提,1×6×10,XS码3层100抽×6包/提×10提/箱,"单包6901236346617
中包6901236331385
纸箱6901236323625",85,8.5,9.9
维达线上,拼多多、LEC,,淘汰,V2301B,维达倍韧软抽3层XS码100抽×8包/提,1×8×6,XS码3层100抽×8包/提×6提/箱,"单包6901236346617
中包6901236333846
纸箱6901236326695",54,9,12.9
维达线上,拼多多、LEC,,,V2301-A,维达倍韧软抽3层XS码100抽×24包,1×24,XS码3层100抽×24包/箱,"单包6901236346617
纸箱6901236359945",32,32,39.9
维达线上,拼多多、LEC,,,V2306-A,维达倍韧抽取面巾3层S码100抽×24包,1×24,S码3层100抽×24包/箱,"单包6901236347676
纸箱6901236321720",33,33,39.9
维达线上,华南LEC、京东超市,,,V2035-A,维达倍韧抽取面巾3层S码90抽×24包/箱,1×24,S码3层90抽×24包/箱,"单包6901236349564
纸箱6901236324745",29.7,29.7,35.9
维达线上,NEC、LEC,,,V2035-B,维达倍韧抽取面巾3层S码90抽×20包/箱,1×20,S码3层90抽×20包/箱,"单包6901236349564
纸箱6901236325094",25.5,25.5,29.9
维达线上,NEC,,,V2166-A,维达婴儿软抽3层M码100抽×24包,1×24,M码3层100抽×24包/箱,"单包6901236378823
纸箱6901236352496",/,/,52.9
维达线上,NEC、商用,,,V2397,维达婴儿软抽3层S码100抽×24包,1×24,S码3层100抽×24包/箱,纸箱6901236355640,/,/,44.9
维达线上,抖音旗舰店,,淘汰,V2397A,维达婴儿软抽3层S码100抽×8包,1×8×6,S码3层100抽×8包/提×6提/箱,"中包6901236331873
纸箱6901236324110",/,/,16.9
维达线上,全渠道,,,V2331,维达小兔棉棉乳霜抽取式纸面巾3层S码90抽×4包/提,1×4×10,S码3层90×4包/提×10提/箱,"小包6901236349199
中包6901236331897
纸箱6901236324165",150,15,17.9
维达线上,NEC、LEC、GT,,,V2332,维达小兔棉棉乳霜棉柔纸3层S码40抽×5包/提,1×5×12,S码3层40×5包/提×12提/箱,"小包6901236349533
中包6901236349588
纸箱6901236324714",90,7.5,9.9
维达线上,NEC、LEC、GT、新渠道,,,V2332,维达奢柔乳霜纸3层S码40抽×5包/提,1×5×12,S码3层40×5包/提×12提/箱,"小包6901236349533
中包6901236349588
纸箱6901236324714",90,7.5,9.9
维达线上,NEC、LEC,,,V2332-A,维达奢柔乳霜纸3层S码40抽×20包/箱,1×20,S码3层40抽×20包/箱,"小包6901236349533
纸箱6901236325834",29.7,29.7,35.9
维达线上,NEC、LEC、新渠道前置仓、便利店、商用,,,V2334-A,维达治愈之柔乳霜纸4层S码80抽×12包/箱,1×12,S码4层80抽×12包/箱,"小包6901236040713
纸箱6901236357224",42,42,49.9
维达线上,京东超市、京东POP,,,V2334-B,维达治愈之柔乳霜纸4层S码80抽×24包/箱,1×24,S码4层80抽×24包/箱,"小包6901236040713
纸箱6901236327296",/,/,99.9
维达线上,NEC、新渠道前置仓、GT直采,,,V2335,维达治愈之柔婴儿保湿纸4层S码30抽×8包/提,1×8×10,S码4层30抽×8包/提×10提/箱,"小包6901236040805
中包6901236333907
纸箱6901236326909",/,/,15.9
维达线上,NEC,,,V2335A,"维达治愈之柔婴儿保湿纸4层S码30抽/包 80包/箱
",1×80,S码30抽/包×80包/箱,"小包6901236040805
纸箱6901236326909",/,/,1.99
维达线上,天猫旗舰店、LEC,,,V2336-A,维达治愈之柔保湿纸(线条小狗联名产品)4层M码90抽x16包/箱,1×16,4层M码90抽16包/箱,"小包6901236041215
纸箱6901236327340",64,64,79.9
维达线上,LEC、新渠道、抖音旗舰店、拼多多维达旗舰店、拼多多维达官方旗舰店,升级为V2301A,淘汰,V2033,维达雅致抽取面巾3层XS码100抽×6包/提,1×6×10,XS码3层100抽×6包/提×10提/箱,"小包6901236349137
中包6901236331385
纸箱6901236323625",85,8.5,9.9
维达线上,拼多多自营、抖音旗舰店、京东超市、快手、爱库存、唯品会,,淘汰,V2033-A,维达雅致抽取式面巾3层XS码100抽×24包/箱,1×24,XS码3层100抽×24包/箱,"小包6901236349137
纸箱6901236324028",/,/,37.9
维达线上,拼多多、LEC,,,V2501-A,维达雅致抽取式面巾3层XS码100抽×30包/箱,1×30,122×180×3层×100抽×30包/箱,"小包6901236040836
纸箱6901236326404",32,32,39.9
维达线上,拼多多、LEC,,,V2501-B,维达雅致抽取式面巾3层XS码100抽×24包/箱,1×24,122×180×3层×100抽×24包/箱,"小包6901236040836
纸箱6901236328972",28,28,32.9
维达线上,天猫旗舰店、抖音旗舰店,,,V2810-A,维达多巴胺系列抽取式面巾3层S码90抽×20包/箱,1×20,S码3层90抽×20包/箱,"小包6901236040652
纸箱6901236325216",/,/,29.9
维达线上,"天猫旗舰店、天猫超市、维达集团旗舰店、立体美旗舰店、维达支付宝小程序、小红书维达居家日用旗舰店小
红书维达旗舰店",,,V2810-B,维达多巴胺系列抽取式面巾3层S码90抽×30包/箱,1×30,S码3层90抽×30包/箱,"小包6901236040652
纸箱6901236326688",/,/,44.9
维达线上,KA、GT、新渠道、NEC,,,V4028,维达蓝色经典卫卷4层180克×10卷,1×10×6,138×104×4层×180克×10卷/提×6提/袋,"单包6901236375198
中包6901236390610
大袋6901236372180",/,/,27.9
维达线上,NEC、商用,,,V4028-D,维达蓝色经典卫卷4层180克×30卷,1×30,138×104×4层×180克×30卷/箱,"单包6901236375198
纸箱6901236323915",/,/,69.9
维达线上,全渠道,,,V4073,维达蓝色经典卫卷4层200克×10卷,1×10×6,138×104×4层×200克×10卷/提×6提/袋,"单包6901236373958
中包6901236373996
大袋6901236374542",153,25.5,29.9
维达线上,NEC、LEC、商用,,,V4073-B,维达蓝色经典卫卷4层200克×27卷,1×27,138×104×4层×200克×27卷/箱,"单包6901236373958
纸箱6901236351864",66,66,69.9
维达线上,NEC、新渠道,,,V4080-B,维达蓝色经典卫卷4层160克×27卷,1×27,138×104×4层×160克×27卷/箱,"单包6901236376058
纸箱6901236354353",/,/,57.9
维达线上,KA、GT、NEC、新渠道,,,V4068,维达蓝色经典卫卷4层160克×10卷,1×10×6,138×104×4层×160克×10卷/提×6提/袋,"单包6901236341377
中包6901236372081
大袋6901236372203",/,/,24.9
维达线上,全渠道,,,V4069,维达蓝色经典卫卷4层140克×10卷,1×10×6,138×100×4层×140克×10卷/提×6提/袋,"单包6901236373965
中包6901236373934
大袋6901236374405",96,16,19.9
维达线上,NEC、LEC、商用,,,V4069-B,维达蓝色经典卫卷4层140克×27卷,1×27,138×100×4层×140克×27卷/箱,"单包6901236373965
纸箱6901236352380",44,44,49.9
维达线上,新渠道、LEC,,,V4146A,维达蓝色经典卫卷4层130克×10卷,1×10×6,138×100×4层×130克×10卷/提×6提/袋,"单包6901236340745
中包6901236331347
大袋6901236331347",90,15,17.9
维达线上,NEC、LEC,,,V4146-A,维达蓝色经典卫卷4层130克×30卷,1×30,138×100×4层×130克×30卷/箱,"单包6901236340745
纸箱6901236320532",45,45,52.9
维达线上,NEC、盒马,,,V4188-A,维达蓝色经典卫卷(山茶花香)4层140克×24卷/箱,1×24,138×100×4层×140克×24卷/箱,"单包6901236348451
大袋6901236322918",/,/,52.9
维达线上,抖音、天猫旗舰店、京东超市、华东LEC、华南GT、KA,,,V4188A,维达蓝色经典卫卷(山茶花香)4层140克×10卷/提,1×10×6,138×100×4层×140克×10卷/提×6提/袋,"卷膜6901236348451
中包6901236332627
大袋6901236325049",102,17,20.9
维达线上,NEC,,,V4186-A,维达蓝色经典卫卷(山茶花香)4层200克×27卷/箱,1×27,138×104×4层×200克×27卷/箱,"卷膜6901236040096
大袋6901236325339",/,/,75.9
维达线上,天猫旗舰店、抖音旗舰店、京东,,,V4558,维达蓝色经典卫卷4层140克×10卷(线条小狗JIP版),1×10×6,138×100×4层×140克×10卷/提×6提/袋,"单卷6901236041581
中包6901236335017
大袋6901236328088",/,/,19.9
维达线上,全渠道,,,V4519,维达超韧卫卷4层200克×10卷,1×10×6,138×104×4层×200克×10卷/提×6提/袋,"单包6901236342428
中包6901236384084
大袋6901236352779",141,23.5,29.9
维达线上,京东超市、天猫超市,,,V4519-A,维达超韧卫卷4层200克×24卷/箱,1×24,138×104×4层×200克×24卷/箱,"单包6901236342428
纸箱 6901236326237
",/,/,56.9
维达线上,KA、GT、新渠道、NEC,,,V4688,维达超韧压花卫卷4层180克×10卷,1×10×6,138×114×4层×180克×10卷/提×6提/袋,"单包6901236342084
中包6901236382882
大袋6901236351772",/,/,27.9
维达线上,NEC,,淘汰,V4688-A,维达超韧压花卫卷4层180克×27卷,1×27,138×114×4层×180克×27卷/箱,"单包6901236342084
纸箱6901236353219",/,/,64.9
维达线上,天猫超市、京东超市,,,V4545-A,维达超韧压花卫卷4层140克×30卷/箱,1×30,138×100×4层×140克×30卷/箱,"卷膜6901236040560
纸箱6901236326398",/,/,52.9
维达线上,拼多多、LEC,,,V4548,维达超韧卫卷4层130克×10卷/提,1×10×6,138×100×4层×130克×10卷/提×6提/袋,"卷膜6901236041116
中包6901236334072
大袋6901236327272",87,14.5,17.9
维达线上,全渠道,,清库存,V4508,维达棉韧压花卫卷4层125克×12卷,1×12×6,138×104×4层×125克×12卷/提×6提/袋,"单包6901236342091
中包6901236383766
大袋6901236352212",102,17,21.9
维达线上,天猫旗舰店、京东超市,升级为V4509-B,淘汰,V4508-B,维达棉韧卫卷4层125克×30卷,1×30,138×104×4层×125克×30卷/箱,"卷膜6901236342091
纸箱6901236320297",/,/,54.9
维达线上,NEC、新渠道、LEC,由V4508-A升级而来,,V4509-A,维达棉韧卫卷4层125克×24卷,1×24,138×104×4层×125克×24卷/箱,"卷膜6901236342091
纸箱6901236359600",41,41,47.9
维达线上,天猫旗舰店、京东超市、商用,由V4508-B升级而来,淘汰,V4509-B,维达棉韧卫卷4层125克×30卷,1×30,138×104×4层×125克×30卷/箱,"卷膜6901236342091
纸箱6901236320297",/,/,54.9
维达线上,NEC,由4665升级而来,,V4665-A,维达压花卫卷4层140节×30卷,1×30,138×98×4层×140节×30卷/箱,"卷膜6901236349656
纸箱6901236355473",/,/,52.9
维达线上,新渠道、抖音旗舰店,由V4508B升级而来,,V4665,维达棉韧卫卷4层140节×10卷/提,1×10×6,138×98×4层×140节×10卷/提×6提/袋,"卷膜6901236349656
中包6901236389300
大袋6901236320280",/,/,/
维达线上,KA、GT、新渠道、NEC,,,V4666A,维达棉韧压花卷纸4层130克×20卷,1×20×4,138×104×4层×130克×20卷/提×4提/袋,"单卷6901236344798
中包6901236385852
大袋6901236354612",/,/,32.9
维达线上,全渠道,,,V4669,维达棉韧压花卷纸4层110克×12卷,1×12×6,138×98×4层×110克×12卷/提×6提/袋,"单卷6901236345436
中包6901236387870
大袋6901236357699",96,16,19.9
维达线上,NEC,,,V4669-B,维达棉韧压花卷纸4层110克×27卷,1×27,138×98×4层×110克×27卷/箱,"单卷6901236345436
纸箱6901236324158",/,/,49.9
维达线上,全渠道,,,V4686,维达棉韧压花卷纸4层180克×10卷,1×10×6,138×114×4层×180克×10卷/提×6提/袋,"单卷6901236344804
中包6901236386057
大袋6901236354773",126,21,27.9
维达线上,NEC,,,V4686-A,维达超韧压花卫卷4层180克×27卷,1×27,138×114×4层×180克×27卷/箱,"单包6901236342084
纸箱6901236353219",/,/,64.9
维达线上,京东超市,,,V4689-A,维达压花卫卷4层160克×27卷,1×27,138×104×4层×160克×27卷/箱,纸箱6901236353875,/,/,57.9
维达线上,GT、NEC、LEC,,淘汰,V4655-A,维达棉韧压花卫卷3层130节×30卷/箱,1×6×5,138×102×3层×130节×30卷/箱,"单卷6901236348376
纸箱6901236322789",42,42,49.9
维达线上,天猫超市、天猫旗舰店,,,V4900-A,维达棉韧奢柔卫卷3层160节×27卷/箱,1×27,138×102×3层×160节×27卷/箱,"卷膜6901236349717
纸箱6901236324998",/,/,56.9
维达线上,天猫超市,升级为V4988-B,淘汰,V4901-B,维达棉韧奢柔卫卷3层150节×(20送4)卷/箱,1×4×6,138×102×3层×150节×(20送4)卷/箱,"卷膜6901236348499
纸箱6901236323267",/,/,49.9
维达线上,NEC、新渠道,,淘汰,V4901-C,维达棉韧奢柔卫卷3层150节×36卷/箱,1×6×6,138×102×3层×150节×36卷/箱,"卷膜6901236348550
纸箱6901236323113",/,/,69.9
维达线上,NEC,,淘汰,V4902-A,维达棉韧奢柔卫卷3层180节×24卷/箱,1×4×6,138×102×3层×180节×24卷/箱,"卷膜6901236349250
纸箱6901236324240",/,/,57.9
维达线上,GT、华中KA、天猫旗舰店,升级后,淘汰,V4988,维达棉韧奢柔卫卷3层150节×10卷,1×10×6,138×102×3层×150节×10卷/提×6提/袋,"单卷6901236349205
中包6901236331910
大袋6901236324202",/,/,19.9
维达线上,NEC,由4901-B升级而来,淘汰,V4988-B,维达棉韧奢柔卫卷3层150节×(20送4)卷/箱,1×24,138×102×3层×150节×(20送4)卷/箱,"单卷6901236349205
纸箱6901236323267",/,/,49.9
维达线上,KA、GT、京东超市,升级后,,V4918,维达棉韧奢柔卫卷3层200节×10卷,1×10×6,130×108×3层×200节×10卷/提×6提/袋,"单卷6901236349571
中包6901236332177
大袋6901236324769",/,/,27.9
维达线上,NEC,,,V4918-A,维达棉韧奢柔卫卷3层200节×24卷/箱,1×24,130×108×3层×200节×24卷/箱,"单卷6901236349571
纸箱6901236324899",/,/,62.9
维达线上,华中LEC、新渠道、猫超,,淘汰,V4919,维达棉韧奢柔卫卷3层140节×10卷,1×10×6,138×102×3层×140节×10卷/提×6提/袋,"卷膜6901236349649
中包 6901236332108
大袋 6901236324851",99,16.5,19.9
维达线上,GT、新渠道 ,,淘汰,V4079,维达至有分量卫卷4层160克×10卷,1×10×6,138×104×4层×160克×10卷/提×6提/袋,"单包6901236375846
中包6901236375853
大袋6901236375976",114,19,19.9
维达线上,全渠道,,,V4143,维达超韧实芯卫卷4层78克×10卷,1×10×12,112×146×4层×78克×10卷/提×12提/袋,中包6901236379004,96,8,9.9
维达线上,NEC、商用,,,V4143-A,维达超韧实芯卷纸4层78克30卷,1×10×3,112×146×4层×78克×10卷/提×3提/箱,纸箱6901236357316,/,/,29.9
维达线上,KA、GT、新渠道、NEC,,,V4407,维达超韧实芯卫卷4层100克×10卷,1×10×12,138×163×4层×100克×10卷/提×12提/袋,"中包6901236379943
大袋6901236351109",/,/,14.9
维达线上,KA、GT、新渠道、NEC,,,V4457,维达超韧实芯卫卷4层140克×12卷,1×12×6,138×146×4层×140克×12卷/提×6提/袋,"中包6901236382516
大袋6901236351505",/,/,19.9
维达线上,LEC,,,V4457A,维达超韧实芯卫卷4层140克×10卷/提,1×10×6,138×146×4层×140克×10卷/提×6提/袋,"中包6901236333006
大袋6901236326718",81,13.5,15.9
维达线上,京东超市、天猫超市、抖音,升级为V4147-A,淘汰,V4457-A,维达超韧实芯卫卷4层140克×30卷/箱,1×10×3,138×146×4层×140克×10卷/提×3提/箱,"中包6901236333006
纸箱6901236325438",/,/,49.9
维达线上,京东超市、天猫超市、抖音,由V4457-A升级而来,,V4147-A,维达超韧实芯卫卷4层140克×30卷/箱,1×10×3,138×146×4层×140克×10卷/提×3提/箱,纸箱6901236325438,/,/,49.9
维达线上,KA、GT、新渠道、京东超市,升级后,,V4496,维达超韧实芯卫卷4层200克×10卷,1×10×6,138×104×4层×200克×10卷/提×6提/袋,"中包6901236383650
大袋6901236352229",/,/,22.9
维达线上,NEC、LEC,,,V4600,维达超韧实芯卷纸4层100克4提装,1×10×4,138×163×4层×100克×10卷/提×4提/袋,纸箱6901236354193,48.45,48.45,56.9
维达线上,KA、GT、新渠道、NEC,,,V4572,70克3层超韧压花无芯卫卷,1×10×12,112×145×3层×70克/卷×10卷/提×12提/袋 ,"中包6939049128564
大袋6939049118442",/,/,9.9
维达线上,拼多多、抖音、猫旗、京东超市、京东POP、快手、新渠道、天猫超市,,,V4443,维达超韧实芯卫卷4层128克×18卷/提,1×18×6,138×132×4层×128克×18卷/提×6提/袋 ,"中包6901236332894
大袋6901236325346",/,/,27.9
维达线上,华西GT、LEC,,,V4166,维达超韧实芯卫卷4层160克×12卷/提,1×12×6,138×100×4层×160克×12卷/提×6提/袋 ,"中包6901236389898
大袋 6901236321263",105,17.5,20.9
维达线上,NEC、LEC,,,V4109,维达超韧实芯卫卷4层80克×10卷/提,1×10×12,112×146×4层×80克/卷×10卷/提×12提/袋,"中包6901236332863
大袋6901236326589",96,8,9.9
维达线上,全渠道,,,V4626,维达棉韧实芯卫卷4层120克×12卷,1×12×6,138×100×4层×120克×12卷/提×6提/袋,"中包6901236388044
大袋6901236357705",96,16,19.9
维达线上,全渠道,,,V4629,维达棉韧实芯卫卷4层120克×12卷,1×12×6,138×139×4层×120克×12卷/提×6提/袋,"中包6901236388051
大袋6901236357712",99,16.5,19.9
维达线上,全渠道,升级前,清库存,V4656,维达棉韧实芯卫卷4层170节×12卷,1×12×6,138×100×4层×170节×12卷/提×6提/袋,"中包6901236387474
大袋6901236357248",111,18.5,21.9
维达线上,全渠道,升级后,,V4656,维达棉韧实芯卫卷4层150克×12卷,1×12×6,138×100×4层×150克×12卷/提×6提/袋,"中包6901236387474
大袋6901236357248",111,18.5,21.9
维达线上,KA、GT、快手,升级后,,V4657,维达棉韧实芯卫卷4层120克×14卷,1×14×6,138×146×4层×120克×14卷/提×6提/袋,"中包6901236387504
大袋6901236357262",99,16.5,19.9
维达线上,NEC、LEC、商用,,,V4660-A,维达棉韧实芯卷纸4层100克×30卷,1×10×3,138×146×4层×100克×10卷/提×3提/箱,纸箱6901236358818,34,34,39.9
维达线上,KA、GT、NEC,升级后,,V4806,维达棉韧实芯卷纸4层110克×21卷,1×21×4,138×139×4层×110克×21卷/提×4提/袋,"中包6901236389584
大袋6901236320686",/,/,29.9
维达线上,NEC,,,V4818,维达棉韧实芯卫卷4层100克×18卷,1×18×6,138×125×4层×100克×18卷/提×6提/袋,"中包6901236330340
大袋6901236322253",/,/,21.9
维达线上,全渠道,升级后,,V4906,维达棉韧奢柔实芯卫卷3层115节×(12送2)卷/提,1×14×6,116×129×3层×115节×(12送2)卷/提×6提/袋,"中包6901236331187
大袋6901236323137",99,16.5,19.9
维达线上,KA、GT、NEC,,淘汰,V4908,维达棉韧奢柔实芯卫卷3层115节×20卷/提,1×20×3,138×102×3层×115节×20卷/提×3提/袋,"中包6901236331903
大袋6901236324196",/,/,29.9
维达线上,KA、GT、NEC、LEC,,淘汰,V4909,维达棉韧奢柔实芯卫卷3层140节×10卷/提,1×10×4,138×102×3层×140节×10卷/提×4提/袋,"中包6901236331958
大袋6901236324288",64,16,18.9
维达线上,NEC,,,V4905,维达棉韧奢柔实芯卫卷3层90节×8卷/提,1×8×6,138×116×3层×90节×8卷/提×6提/袋,"中包6901236331170
大袋6901236323120",48,8,9.9
维达线上,LEC,,,V4200,维达细韧实芯卫卷4层150克×12卷/提,1×12×6,138×100×4层×150克×12卷/提×6提/袋,"中包6901236334041
大袋6901236327159",102,17,19.9
维达线上,LEC&拼多多,,,V4210,维达细韧实芯卫卷4层160克×12卷,1×12×6,138×146×4层×160克×12卷/提×6提/袋,"中包6901236335000
大袋6901236328071",105,17.5,20.9
维达线上,LEC,,,V4211,维达细韧实芯卫200克x14卷×4提/袋,1×14×4,138×155×4层×200克×14卷/提×4提/袋,"中包6901236335031
大袋6901236328149",100,25,29.9
维达线上,LEC,由V4457A升级而来,,V4212,维达140克4层细韧无芯10卷×6提/袋,1×10×6,138×146×4层×140克×10卷/提×6提/袋,"中包6901236333006
大袋6901236326718",81,13.5,15.9
维达线上,GT、LEC,升级为V4038,淘汰,V4035,维达280米2层公用卫生纸12卷/箱,1×12,112×95×2层×280米/卷×12卷/箱,"单卷6901236371237
纸箱6901236373095",132,11,14.9
维达线上,GT、LEC,由V4035升级而来,,V4038,维达800克3层公用卫生纸,1×12,112×95×3层×800克/卷×12卷/箱,"单卷6901236371237
纸箱6901236373095",132,11,14.9
维达线上,华南LEC,,,V1168A,维达棉柔巾XL码80抽4包/提,1×4×6,200×200×1层×80抽×4包/提×6提/箱,"单包6901236346402
中包6901236389140
纸箱6901236326848",192,32,39.9
维达线上,全渠道,,,V1172,维达初肌秘密洗脸巾XL码12抽/包,1×12×60,210×230×1层×12抽×60包/箱,"单包6901236349663
纸箱6901236324875",138,2.3,4.9
维达线上,NEC,,,V1173,维达初肌秘密洗脸巾M码60抽/包,1×12,160×200×1层×60抽×12包/箱,"   中包6901236040140	
  纸箱6901236325810",/,/,7.9
维达线上,NEC、LEC、商用,,,V1160-A,维达初肌秘密洗脸巾XL码150抽/提×3提/箱,1×3,200×200×1层×150抽×3提/箱," 中包6901236333174
  纸箱6901236325889",53,53,59.9
维达线上,NEC、LEC、商用、GT直采、新渠道前置仓,,,V1176,维达初肌秘密洗脸巾XL码70抽/包,1×6,200×200×1层×70抽×6包/箱," 中包6901236040454
  纸箱6901236326244",45,7.5,9.9
维达线上,京东超市、京东POP、天猫超市、天猫官旗、抖音自营,,,V1161,维达悬挂式初肌秘密洗脸巾M码180抽,1×4,180×200×1层×180抽×4包/箱," 中包6901236333747
  纸箱6901236326442",/,/,19.9
维达线上,京东超市、京东POP、天猫超市、天猫官旗、抖音自营,,,V1161-A,维达悬挂式亲肤洗脸巾L码180抽X2提/箱,1×2,180×200×1层×180抽×2包/箱,"中袋6901236333747
纸箱6901236328545",/,/,39.8
维达线上,LEC（何沐霖专供）、KA、便利店,,,V1183,维达初肌秘密洗脸巾XXL码144抽/提,1×10,230×200×1层×144抽×10提/箱,"手抽6901236333860
纸箱6901236326862",180,18,24.9
维达线上,抖音旗舰店、天猫官旗,,,V1163,维达悬挂式初肌秘密洗脸巾XL码168抽/提,1×4,200×200×1层×168抽×4包/箱,"中包6901236334065
纸箱6901236327173",/,/,24.9
维达线上,NEC,,,V1151,维达悬挂式亲肤洗脸巾L码120抽-轻享装,1×4,"200X180mm,
70g,120抽/提X4提/箱","中袋6901236335109
纸箱6901236328637",/,/,13.9
维达线上,NEC,,,V1198-A,维达悬挂式亲肤加厚洗脸巾XL码100抽X2提/箱,1×2,"200X200mm,
90g,100抽/提X2提/箱","中包6901236335215
纸箱6901236328613",/,/,29.9
维达线上,NEC,,,V1196,维达婴儿柔护系列洗脸巾S码80抽,1×10,"150X200mm,
60g,80抽/提X10提/箱","中袋6901236335758
纸箱6901236328873",55,5.5,6.9
维达线上,NEC、KA、GT(直采、校园店、便利店）、新渠道前置仓,,,V1155,维达X哪吒2之魔童闹海 魔丸灵珠限定款洗脸巾,1×10,"200X200mm,
80g,50抽/提X10提/箱","中包6901236041857
纸箱6901236328668",59,5.9,7.9
维达线上,LEC（何沐霖专供）,,,V1184,维达线条小狗加厚洗脸巾XL码70抽,1×10,"200X200mm,
80g,70抽,10提/箱","中袋6901236041642
纸箱6901236328132",79,7.9,9.9
维达线上,LEC（何沐霖专供）,,,V1185,维达悬挂式亲肤加厚洗脸巾XL码138抽,1×10,"200X200mm,
90g,138抽,10提/箱","中袋6901236335192
纸箱6901236328583",158,15.8,19.9
维达线上,LEC（何沐霖专供）,,,V1187,维达亲肤加厚洗脸巾L码50抽,1×20,"180X200mm,
80g,50抽,20包/箱","中袋6901236041826
纸箱6901236328590",115,5.75,7.5
维达线上,KA、GT、便利店、新渠道前置仓、商用、NEC、LEC,,,V1186, 维达珍珠纹一次性压缩柔巾,1×20×12,"240X300mm,
90g,20粒,12包/箱","中袋6901236334607
纸箱6901236327982",90,7.5,9.9
维达线上,全渠道,,,V4020-2,维达厨房纸巾75节×2卷装,1×2×20,2层×75节×2卷/提×20提/箱,"中包6901236380505
纸箱6901236373132",110,5.5,7.9
维达线上,NEC、LEC、商用,,,V4020-2-B,维达厨房纸巾75节8卷/箱,1×8,2层×75节/卷×8卷/箱,"中包6901236380505
纸箱6901236354636",23.5,23.5,27.9
维达线上,全渠道,,,V2241,维达抽取厨房纸巾80抽×3包,1×3×12,224×195×2层×80抽/包×3包/提×12提/箱,"单包6901236341629
中包6901236383094
纸箱6901236351765",102,8.5,10.9
维达线上,NEC、LEC、商用,,,V2241-A,抽取厨房纸巾12包/箱,1×12,224×195×2层×80抽/包×4包/提×3提/箱,"单包6901236341629
纸箱6901236358634",32,32,37.9
维达线上,NEC、LEC,,淘汰,V2241-B,抽取厨房纸巾8包/箱,1×8,224×195×2层×80抽/包×8包/箱,"单包6901236341629
纸箱6901236359303",23.4,23.4,27.9
维达线上,全渠道,,,V9300,维达可水洗厨房卷纸85节/卷,1×12,224×259×3层×85节/卷×12卷/箱,"单卷6901236348048
纸箱6901236322314",78,6.5,7.9
维达线上,NEC、LEC、KA、GT,,,V9300-A,维达可水洗厨房卷纸85节/卷×6卷/箱,1×6,224×259×3层×85节/卷×6卷/箱,"单卷6901236348048
纸箱6901236323014",39,39,49.9
维达线上,KA、GT、新渠道、NEC,,,V9800,维达可水洗抽取式厨房纸60抽/包×4包/提,1×4×10,224×195×3层×60抽/包×4包/提×10提/箱,"卷膜6901236348727
中包6901236331248
纸箱6901236323342",/,/,16.9
维达线上,NEC,,淘汰,V9800-A,维达可水洗厨房纸(抽取式)60抽/包×9包/箱,1×9,224×195×3层×60抽/包×9包/箱,"卷膜6901236348727
纸箱6901236323397",/,/,34.9
维达线上,全渠道 ,,,V9801,维达可水洗M码抽取式厨房纸60抽/包×6包/提,1×6×6,168×195×3层×60抽/包×6包/提×6提/箱,"卷膜6901236348956
中包6901236331712
纸箱6901236323847",78,13,16.9
维达线上,NEC、LEC,,,V9809,维达悬挂式厨房抽纸180抽/提×3提/箱,1×3,210×195×2层×180抽/提×3提/箱,"中袋6901236332740
纸箱6901236325599",22.5,22.5,29.9
维达线上,全渠道,,,V9809A,维达悬挂式厨房抽纸180抽/提,1×10,210×195×2层×180抽/提×10提/箱,"中袋6901236332740
纸箱6901236325315",75,7.5,9.9
维达线上,NEC,,,V9803-A,维达悬挂式厨房抽纸168抽/提×4提/箱,1×4,177×195×2层×168抽/提×4提/箱,"中袋6901236333099
纸箱6901236325766",/,/,29.9
维达线上,猫超,,,V9803C,维达悬挂式厨房抽纸168抽/提,1×12,177×195×2层×168抽/提×12提/箱,"中袋6901236333099
纸箱6901236326596",/,/,9.9
维达线上,NEC、GT直采,,,V9805-A,维达悬挂式厨房抽纸180抽/提（线条小狗IP）,1×6,210×195×2层×180抽/提×6提/箱,"中袋6901236334140
纸箱6901236327401",/,/,59.9
维达线上,KA、GT、京东超市,,,V9313,维达可水洗2层65节6卷维达厨房卷纸,1×6×4,200×240×2层×65节×6卷/提×4提/箱,"中包6901236334515
纸箱6901236327760",/,/,19.9
维达线上,京东、猫旗、抖音、拼多多,,,V9806-A,维达可水洗悬挂式厨房抽纸152抽2层（1X6）装/箱,1×6,L码198×195×2层152抽/提x6提/箱,"中袋6901236334690
纸箱6901236328064",/,/,42.9
维达线上,京东、猫旗、猫超、抖音、新渠道前置仓,,,V9806A,维达可水洗悬挂式厨房抽纸152抽2层（1X10）装/箱,1×10,L码198×195×2层152抽/提x10提/箱,"中袋6901236334690
纸箱6901236328262",/,/,7.9
维达线上,抖音、拼多多、LEC、新渠道前置仓,,,V9320-A,"维达可水洗厨房卷纸
60节2层（1X10）装/箱",1×2×5,200×240×60节2层/卷x10提/箱,"中袋6901236041611
纸箱6901236328118",26.4,26.4,32.9
维达线上,天猫旗舰店,,,V2177-A,维达悬挂擦手纸2层L码240抽×4提/箱,1×4,168×195×2层×240抽×4提/箱,"中包6901236333150
纸箱6901236325858",/,/,29.9
维达线上,NEC、LEC、KA、GT,,,VW1001,维达杀菌湿巾·金盏花10片/包,1×10×10×6,1×10片/包×60包/箱,"单包6901236300022
纸箱6901236310014",132,2.2,3.5
维达线上,全渠道,,,VW1003,维达杀菌湿巾·柠檬果香10片独立装,1×10×10×6,1×10片/包×60包/箱,"单包6901236300053
纸箱6901236310038",132,2.2,2.9
维达线上,全渠道,,,VW1009,维达杀菌湿巾·温和无香10片独立装,1×10×10×6,1×10片/包×60包/箱,"单包6901236300138
纸箱6901236310083",132,2.2,2.9
维达线上,全渠道,,,VW1009A,维达杀菌湿巾(无香)(单片装)10片×5包,1×10×5×12,1×10片×5包/提×12提/箱,"单包6901236300138
中包6901236300190
纸箱6901236310502",132,11,14.9
维达线上,NEC、LEC、KA、GT,升级后,,VW1012,维达杀菌湿巾·山茶花10片独立装,1×10×10×6,1×10片/包×60包/箱,"单包6901236300336
纸箱6901236310212",138,2.3,2.9
维达线上,全渠道,,,VW1015,维达杀菌湿巾·去油去汗10片独立装湿巾,1×10×10×6,1×10片/包×60包/箱,"单包6901236300343
纸箱6901236310229",132,2.2,2.9
维达线上,KA、GT、新渠道、NEC,,,VW1020,维达杀菌湿巾·温和无香3包超值装,1×10×3×20,(VW1009×3包)/提×20提/箱,"单包6901236300749
纸箱6901236310441",/,/,8.9
维达线上,全渠道,,,VW1027,维达纯水湿巾(80片),80×12,80片/包×12包/箱,"单包6901236301302
纸箱6901236310991",96,8,9.9
维达线上,全渠道,,清库存,VW1027A,维达纯水湿巾80片×4包,80×4×4,80片/包×4包/提×4提/箱,"单包6901236301302
中包6901236301395
纸箱6901236311097",128,32,39.9
维达线上,NEC、LEC,,清库存,VW1027A,维达纯水湿巾80片×4包,80×4,80片/包×4包/箱,"单包6901236301302
纸箱6901236301395",32,32,39.9
维达线上,NEC、LEC,由VW1027A升级而来,,VW5201,维达纯水湿巾80片×4包,80×4,80片/包×4包/箱,"单包6901236301302
纸箱6901236301395",32,32,39.9
维达线上,NEC,,,VW1029-A,维达纯水湿巾80片×8包,80×8,80片/包×8包/箱,"小包6901236302316
纸箱6901236312094",/,/,49.9
维达线上,KA、GT、新渠道、NEC,,,VW1028,维达杀菌湿巾·温和无香(80片家庭装),80×12,80片/包×12包/箱,"单包6901236300732
纸箱6901236310434",/,/,14.9
维达线上,KA、GT、NEC、LEC,,,VW1028A,维达杀菌湿巾·温和无香(80片家庭装)3包/提(加送超迷你4小包),272×4,80片/包×3包/提×4提/箱,"单包6901236300732
中包6901236301463
纸箱6901236311141",120,30,37.9
维达线上,全渠道,,,VW1037,维达杀菌湿巾30片/包,30×40,30片/包×40包/箱,"单包6901236302040
纸箱6901236311769",140,3.5,4.9
维达线上,全渠道,,,VW1025,维达超迷你卫生湿巾8包装,8×8×20,(8片×8小包)/袋×20袋/箱,"单包6901236301258
中包6901236301265
纸箱6901236310960",160,8,9.9
维达线上,全渠道,,淘汰,VW1025B,维达超迷你卫生湿巾4包/袋,8×4×40,(8片×4小包)/袋×40袋/箱,"中包6901236301579
纸箱6901236311264",160,4,5.9
维达线上,全渠道,,淘汰,VW1035A,维达冰感爽肤卫生湿巾10片/包×8包/提,10×8×8,10片/包×8包/提×8提/箱,"卷膜6901236301722
中包6901236301739
纸箱6901236311424",160,20,26.9
维达线上,NEC、GT直采,,,VW1032-A,维达杀菌湿巾80片/包×5包/箱（线条小狗）,80×5,80片/包×5包/箱,"卷膜6901236302361
纸箱6901236312100",/,/,49.9
维达线上,LEC,,,VW5003,维达金盏花杀菌湿巾80片*4包/箱,80×4,80片×4包/箱,"小包6901236302491
纸箱6901236312247",30,30,39.9
维达线上,LEC、NEC,,,VW5004,维达纯水超迷你湿巾8片*8包/提,8×8×20,(8片×8小包)/袋× 20袋/箱,"小包6901236302507
中袋6901236302514
纸箱6901236312254",140,7,9.9
维达线上,LEC（猫超、猫旗）,,,VW5005,维达杀菌湿巾超迷你8片x6包/中包（奈娃IP版),8×6×30,(8片×6小包)/袋×30袋/箱,"小包6901236302538
中袋6901236302545
纸箱6901236312285",225,7.5,9.9
维达线上,NEC，KA，GT,,,VW5006,维达哪吒纯水超迷你湿巾8片*6包/提,8×6×30,(8片×6小包)/袋×30袋/箱,"小包6901236302590
中袋6901236302606
纸箱6901236312339",/,/,9.9
维达线上,NEC,,,VW5101,维达纯水湿巾80片（小狗IP版),80×12,80片×12包/箱,"小包6901236302552
纸箱6901236312292",96,8,9.9
维达线上,NEC,,,VW5102,维达手口脸湿巾80片,80×16,80片×16包/箱,"小包6901236302453
纸箱6901236312216",/,/,12.9
维达线上,全渠道,,,VW1026,维达超迷你卫生湿巾(儿童)8包装,8×8×20,(8片×8小包)/袋×20袋/箱,"单包6901236301272
中包6901236301289
纸箱6901236310977",160,8,9.9
维达线上,全渠道,,,VW1026A,维达超迷你卫生湿巾(儿童)3袋/提,8×8×3×8,(8片×8小包)/袋×3袋/提×8提/箱,"中包6901236301289
提装6901236301555
纸箱6901236311257",192,24,29.9
维达线上,NEC、KA、华南GT、华北GT,升级后,,VW1007,维达卫生湿巾.山茶花(60送20)片/包,80×16,80片/包×16包/箱,"单包6901236301517
纸箱6901236311202",/,/,9.9
维达线上,NEC、华南LEC,,,VW1007-B,维达卫生湿巾.山茶花(60送20)片/包×5包/箱,80×5,80片/包×5包/箱,"单包6901236301517
纸箱6901236311981",40,40,49.9
维达线上,全渠道,,,VW2002,维达婴儿护肤80片湿巾,80×12,80片/包×12包/箱,"单包6901236300275
纸箱6901236310137",96,8,9.9
维达线上,全渠道,,,VW2004,维达婴儿手口80片湿巾,80×12,80片/包×12包/箱,"单包6901236300312
纸箱6901236310199",114,9.5,14.9
维达线上,NEC、LEC,,清库存,VW2004B,维达婴儿手口80片湿巾6包/箱,80×6,80片/包×6包/箱,"单包6901236300312
纸箱6901236311158",59,59,69.9
维达线上,NEC、LEC,由VW2004B升级而来,,VW5202A,维达婴儿手口80片湿巾6包/箱,80×6,80片/包×6包/箱,"单包6901236300312
纸箱6901236311158",59,59,69.9
维达线上,全渠道,,,VW2009,维达婴儿湿巾·温和无香30片/包,30×40,30片/包×40包/箱,"单包6901236302125
纸箱6901236311899",160,4,4.9
维达线上,NEC,,,VW2010-A,维达婴儿湿巾·桃叶精华80片×8包/箱,80×8,80片/包×8包/箱,"小包6901236302231
纸箱6901236312117",/,/,59.9
维达线上,NEC、商用,,淘汰,VW3410-A,维达湿厕纸40片×10包/箱,40×10,40片/包×10包/箱,"单包6901236300558
纸箱6901236311448",/,/,54.9
维达线上,全渠道,,,VW3412,维达10片便携装湿厕纸,10×60,10片/包×60包/箱,"单包6901236301081
纸箱6901236310779",90,1.5,1.9
维达线上,NEC、LEC,,,VW3415,维达40片湿厕纸40片/包,40×20,40片/包×20包/箱,"单包6901236301326
纸箱6901236311004",90,4.5,5.9
维达线上,NEC、LEC,,,VW3415-A,维达40片湿厕纸10包/箱,40×10,40片/包×10包/箱,"单包6901236301326
纸箱6901236311219 ",45,45,52.9
维达线上,KA、GT、NEC、LEC,,,VW3416,维达湿厕纸组盒装5包VW3415+4包VW3412,240×4,(VW3415×5包+VW3412×4包)/提×4提/箱,"中包6901236301333
纸箱6901236311011",112,28,34.9
维达线上,NEC、LEC、KA、GT,,,VW3422,维达超迷你湿厕纸8包装,7×8×20,(7片×8小包)/袋×20袋/箱,"小包6901236301760
中袋6901236301777
纸箱6901236311462",160,8,9.9
维达线上,NEC、华南LEC、KA、华北GT,,,VW3420,维达湿厕纸60片/包,60×16,60片×16包/箱,"卷膜6901236301616
纸箱6901236311295",104,6.5,7.9
维达线上,KA、京东超市、天猫旗舰店、天猫超市,,,VW3420C,维达湿厕纸60片/包×3包/提,60×3×4,60片×3包×4提/箱,"卷膜6901236301616
中袋6901236302163
纸箱6901236312056",/,/,19.9
维达线上,京东超市、天猫旗舰店,,,VW3420-A,维达湿厕纸60片/包×6包/箱,60×6,60片×6包/箱,"卷膜6901236301616
纸箱6901236311936",/,/,37.9
维达线上,NEC,,,VW3425-A,维达湿厕纸80片/包×6包/箱,80×6,80片×6包/箱,"卷膜 6901236302033
纸箱6901236311752",/,/,49.9
维达线上,抖音旗舰店,,,VW3425-B,维达纯水湿厕纸(4包VW3425+1中包VW3422)/箱,376×1,4包VW3425+1中包VW3422,纸箱6901236311912,/,/,49.9
维达线上,NEC,,,VW3433-A,维达湿厕纸80片/包×5包/箱,80×5,80片×5包/箱,"小包6901236302156
纸箱6901236311929",/,/,39.9
维达线上,NEC、盒马,,,VW3423,维达山茶花超迷你湿厕纸6包装,7×6×30,(7片×6小包)/袋×30袋/箱,"小包6901236302132
中袋6901236302149
纸箱6901236311905",/,/,9.9
维达线上,全渠道,,,VW3409,维达山茶花精华湿厕纸80片/包,80×12,80片×12包/箱,"卷膜6901236302002
纸箱6901236311813",/,/,9.9
维达线上,NEC、商用,,,VW3409-A,维达山茶花精华湿厕纸80片/包×6包/箱,80×6,80片×6包/箱,"卷膜6901236302002
纸箱6901236311738",/,/,49.9
维达线上,NEC、LEC,,,VW3409-B,维达山茶花精华湿厕纸80片/包×5包/箱,80×5,80片×5包/箱,"卷膜6901236302002
纸箱6901236311868",34.5,34.5,44.9
维达线上,天猫旗舰店、天猫超市,,,VW3432-A,维达乳木果湿厕纸组合装(6包VW3432+2包10片),620×1,(6包VW3432+2包10片)/箱,"单包6901236302309
纸箱6901236312063",/,/,69.9
维达线上,NEC,,,VW3435-A,维达益生菌湿厕纸60片/包×4包/箱,60×4,60片/包×4包/箱,"单包6901236302521
纸箱6901236312278",/,/,29.9
维达线上,天猫旗舰店、小红书、抖音旗舰店,,,VW3434-A,维达山茶花精华湿厕纸60片/包×4包/箱,60×4,60片×4包/箱,"单包6901236302293
纸箱6901236312155",/,/,29.9
维达线上,NEC、LEC,,,VW6212,维达湿厕纸组合装4包VW3409+1中袋VW3423,362×1,(VW3409×4包+VW3423×1中袋)/箱,纸箱6901236311943,40,40,44.9
维达线上,GT、KA、NEC、华西LEC,,,VW3419,维达超迷你女性湿厕纸8包装,7×8×20,(7片×8小包)/袋×20袋/箱,"卷膜6901236301418
中包6901236301425
纸箱6901236311103",160,8,9.9
维达线上,抖音、拼多多，天猫旗舰店、京东POP、天猫超市、LEC,,,VW3428-A,维达金盏花湿厕纸80片/包×6包,80×6,80片×6包/箱,"卷膜6901236302200
纸箱6901236311950",44,44,49.9
维达线上,京东超市、天猫旗舰店,,,VW3428-B,维达金盏花湿厕纸80片/包×10包,80×10,80片×10包/箱,"卷膜6901236302200
纸箱6901236312001",/,/,89.9
维达线上,LEC,,,VW3429-A,维达金盏花湿厕纸60片/包×6包,60×6,60片×6包/箱,"卷膜6901236302217
纸箱6901236311967",34,34,37.9
维达线上,拼多多、天猫旗舰店、LEC,,,VW3426-A,维达芦荟精华湿厕纸80片×5包/箱,80×5,80片×5包/箱,"小包6901236302194
纸箱6901236312018",36,36,44.9
维达线上,NEC,,,VW6007,维达新品礼盒,1×5,(1包VW3415+1包V1172+1小包V2335+2小包V0134)/箱 ,纸箱6901236326978,/,/,9.9
维达线上,全渠道,升级后,,VW4001,维达厨房清洁60片湿巾,60×20,60片/包×20包/箱,"单包6901236300367
纸箱6901236310243",144,7.2,9.9
维达线上,NEC、LEC、商用,升级后,,VW4001A,维达厨房湿巾60片×5包,60×5,(26送34)片/包×5包/箱,"小包6901236300367
纸箱6901236301104",40,40,49.9
维达线上,全渠道,,清库存,VW4002,维达厨房清洁(40+40)片湿巾,80×12,(40+40)片/包×12包/箱,"单包6901236300374
纸箱6901236310250",120,10,12.9
维达线上,全渠道,升级后,,VW4002,维达厨房清洁(40+20)片湿巾,60×12,(40+20)片/包×12包/箱,"单包6901236300374
纸箱6901236310250",120,10,12.9
维达线上,NEC、LEC,升级为VW4003,淘汰,VW4002C,维达厨房清洁湿巾40片/包×3包/提,40×3×4,40片/包×3包/提×4提/箱,"单包6901236300374
中包6901236300602
纸箱6901236311363",108,27,32.9
维达线上,NEC、LEC、KA,由VW4002C升级而来,,VW4003,维达厨房清洁湿巾40片/包×3包/提,40×3×4,40片/包×3包/提×4提/箱,"小包6901236302347
中袋6901236300602
纸箱6901236311363",108,27,32.9
维达线上,KA、GT、NEC、LEC,,,VW4018,维达厨房湿巾80片/包,80×8,80片/包×8包/箱,"中包6901236302064
纸箱6901236311783",116,14.5,19.9
维达线上,全渠道,,淘汰,VW1030A,维达酒精卫生湿巾30片/包×3包/提,30×3×12,(30片/包×3包)/提×12提/箱,"单包6901236301449
提装6901236301524
纸箱6901236311226",192,16,19.9
维达线上,全渠道,,,VW4015,维达羽绒服湿巾10片8包/提,10×8×8,10片包×8包/提×8提/箱,"小包6901236302170
中袋6901236302187
纸箱6901236312131",60,7.5,9.9
得宝,NEC、KA、GT、新渠道、商用、CVS,,,T0138B,得宝迷你纸手帕12包×7片(天然无香),210×210×4层×7张×12包×30中包/箱,1×12×30,"单包6947509910000
中包6947509910086
纸箱16947509910083",225,7.5,9.9
得宝,NEC、KA、GT、新渠道、商用、CVS,,,T0138D,得宝迷你纸手帕36包×7片特惠装(天然无香),210×210×4层×7张×36包×10中包/箱,1×36×10,"单包6947509910000
中包6947509910048
纸箱16947509910045",225,22.5,29.9
得宝,山姆,,,T0138M,得宝迷你纸手帕96包×7片(天然无香),210×210×4层×7张×96包×128中包/板,1×12×8×4×32,"单包6947509910000
中包6901236384367
纸箱6901236352717",/,/,69.9
得宝,屈臣氏,,,T0138R,得宝迷你纸手帕18包×7片(天然无香),210×210×4层×7张×18小包×20中包/箱,1×18×20,"单包6947509910000
中包6901236386316
纸箱6901236355428",/,/,14.9
得宝,全渠道,,,T0153,得宝迷你印花纸手帕12包×7片,210×210×4层×7张×12包×30中包/箱,1×12×30,"单包6947509910444
中包6947509910437
纸箱16947509910434",225,7.5,9.9
得宝,全渠道,,,T0153B,得宝迷你印花纸手帕36包×7片,210×210×4层×7张×36包×10中包/箱,1×36×10,"单包6947509910444
中包6901236387337
纸箱6901236357033",225,22.5,29.9
得宝,京东、猫旗、猫超、抖音、小程序、小红书、盒马、麦德龙、永辉、壹加壹,,,T0188,得宝复刻版迷你纸手帕12包×7片,210×210×4层×7片×12包×30中包/箱,1×12×30,"中包6901236387375
纸箱6901236357071",/,/,9.9
得宝,全渠道,,,T0166,得宝迷你纸手帕12包×7片(甜心桃味),210×210×4层×7片×12包×30中包/箱,1×12×30,"单包6901236342954
中包6901236384855
纸箱6901236353240",225,7.5,9.9
得宝,屈臣氏,,,T0166B,得宝迷你纸手帕体验装18包×7片(甜心桃味),210×210×4层×7张×18小包×20中包/箱,1×18×20,"单包6901236342954
中包6901236384930
纸箱6901236353424",/,/,14.9
得宝,全渠道,,,T0166C,得宝迷你纸手帕36包×7片(甜心桃味),210×210×4层×7片×36包×10中包/箱,1×36×10,"单包6901236342954
中包6901236385449
纸箱6901236353424",225,22.5,29.9
得宝,全渠道,,,T0142B,得宝迷你纸手帕特惠装36包×7片(苹果木味),210×210×4层×7张×36包×10中包/箱,1×36×10,"单包6947509910031
中包6947509910079
纸箱16947509910076",225,22.5,29.9
得宝,全渠道,,,T0142F,得宝迷你纸手帕12包×7片(苹果木味),210×210×4层×7张×12包×30中包/箱,1×12×30,"单包6947509910031
中包6947509910116
纸箱16947509910113",225,7.5,9.9
得宝,全渠道,,,T0143G,得宝迷你纸手帕12包×7片(茉莉花味),210×210×4层×7张×12包×30中包/箱,1×12×30,"单包6947509910024
中包6947509910109
纸箱16947509910106",225,7.5,9.9
得宝,全渠道,,,T0143GA,得宝迷你纸手帕36包×7片(茉莉花味),210×210×4层×7张×36包×10中包/箱,1×36×10,"单包6947509910024
中包6947509910062
纸箱16947509910069",225,22.5,29.9
得宝,全渠道,,淘汰,T0194,得宝迷你纸手帕12包×7片(樱花味),210×210×4层×7张×12包×30中包/箱,1×12×30,"单包6901236345832
中包6901236388419
纸箱6901236358511",225,7.5,9.9
得宝,全渠道,,,T0131,得宝迷你纸手帕12包×7片(樱花味),210×210×4层×7张×12包×30中包/箱,1×12×30,"单包6901236346631
中包6901236389249
纸箱6901236359969",225,7.5,9.9
得宝,屈臣氏,,,T0131A,得宝迷你纸手帕18包×7片(印花樱花味),210×210×4层×7张×18小包×20中包/箱,1×18×20,"单包6901236346631
中包6901236389294
纸箱6901236320242",/,/,14.9
得宝,全渠道,,,T0131B,得宝迷你纸手帕6包×7片(印花樱花味),210×210×4层×7张×6小包×72中包/箱,1×6×72,"单包6901236346631
中包6901236333204
纸箱6901236325902",324,4.5,5.9
得宝,NEC、KA、GT,,,T0123,T0123 7张4层得宝雪松味印花迷你纸手帕360装/箱(1×12×30),210×210×4层×7片12小包/中包×30中包/箱,1×12×30,"小包6901236040386
中包6901236333556
纸箱6901236326138",225,7.5,9.9
得宝,NEC、KA、GT,,,T0123A,T0123A 7张4层得宝雪松味印花迷你纸手帕432装/箱(1×6×72),210×210×4层×7片6小包/中包×72中包/箱,1×6×72,"小包6901236040386
中包6901236333549
纸箱6901236326121",324,4.5,5.9
得宝,NEC、KA、GT、新渠道,,,T0112,得宝迷你纸手帕12包×7片（戴珍珠耳环的少女IP),210×210×4层×7张×12包×30中包/箱,1×12×30,"单包6901236346082
中包6901236388693
纸箱6901236358894",225,7.5,9.9
得宝,全渠道,,淘汰,T0196,得宝迷你纸手帕12包×7片(咖啡味迷你印花),210×210×4层×7张×12包×30中包/箱,1×12×30,"单包6901236349601
中包6901236332221
纸箱6901236324813
",225,7.5,9.9
得宝,全渠道、商用,,,T0185,得宝迷你纸手帕18包×5片(Mini系列),210×210×4层×5张×18包×20中包/箱,1×18×20,"单包6901236344767
中包6901236387146
纸箱6901236356753",170,8.5,9.9
得宝,GT、KA、新渠道,,,T2275J,得宝抽取式面巾纸(5+1)包×90抽(天然无香),160×195×4层×90抽×(5+1)包×10提/箱,1×6×10,"单包6947509910710
中包6901236331736
纸箱6901236323946",190,19,22.9
得宝,山姆,,淘汰,T2275G,得宝抽取式面巾纸(16+2)包×90抽(天然无香),160×195×4层×90抽×(16+2)包×63提/板,1×18×63,"单包6947509910710
中包6901236384688",/,/,65.9
得宝,山姆,,,T2300,T2300 88抽四层得宝M码无香抽取式面巾(1×20×54)装/件,160mm×195mm×4层×88抽×20包×54提/版,1×20×54,"小包：6901236041543
中袋：6901236334584",/,/,59.9
得宝,NEC、LEC、新渠道、盒马、CVS,,,T2275-C,得宝4层抽取式面巾纸箱装18包×90抽(天然无香),160×195×4层×90抽×18包/箱,1×18,"单包6947509910710
纸箱6901236352984",56,56,65.9
得宝,KA,,,T2275H,得宝抽取式面巾纸(10+2)包×90抽(天然无香),160×195×4层×90抽×(10+2)包×5提/箱,1×12×5,"单包6947509910710
中包6901236330555
纸箱6901236322710",187.5,37.5,44.9
得宝,KA、GT、新渠道、商用、CVS,,,T2275,得宝抽取式面巾纸(3+1)包×90抽(天然无香),160×195×4层×90抽×(3+1)包×16提/箱,1×4×16,"单包6947509910710
中包6947509910734
纸箱16947509910731",232,14.5,17.9
得宝,全渠道,,,T2276,得宝4层儿童版抽取式面巾纸3送1包×90抽(天然无香),160×195×4层×90抽×(3+1)包×16提/箱,1×4×16,"单包6947509910697
中包6947509910703
纸箱16947509910410",232,14.5,17.9
得宝,大润发,,,T2219,得宝4层抽取式面巾纸12包×90抽(天然无香),160×195×4层×90抽×12包×5提/箱,1×12×5,"单包6901236349335
中包6901236331972
纸箱6901236324349",/,/,43.9
得宝,盒马,,,T2286,得宝抽取式面巾纸6包×90抽(天然无香),160×195×4层×90抽×6包×10提/箱,1×6×10,"单包6901236347645
中包6901236330050
纸箱6901236321638",/,/,24.9
得宝,盒马,,,T2286-A,得宝4层抽取式面巾纸15包×90抽(天然无香),160×195×4层×90抽×15包/箱,1×15,"小包6901236347645
纸箱6901236321645",/,/,53.9
得宝,KA、GT、新渠道、商用、CVS,,,T2367,得宝4层抽取式面巾纸(6+2)包×90抽(天然无香),160×195×4层×90抽×(6+2)包×8提/箱,1×8×8,"单包6947509910710
中包6901236384626
纸箱6901236353011",200,25,29.9
得宝,天猫旗舰店、商用渠道,,,T2287-A, T2287-A 92抽4层M码得宝无香抽取式纸面巾(1×18)装/箱,160×195×4层×92抽×18包/箱,1×18,"小包6901236040522
纸箱6901236326350",60,60,89.9
得宝,NEC、LEC、盒马,,,T2358-A,得宝4层抽取式面巾纸箱装16包×90抽(甜心桃味),160×195×4层×90抽×16包/箱,1×16,"单包6901236342930
纸箱6901236354759",/,/,57.9
得宝,全渠道,,,T2280,得宝4层抽取式面巾纸3+1包×90抽(苹果木味),160×195×4层×90抽×(3+1)包×16提/箱,1×4×16,"单包6947509910727
中包6947509910741
纸箱16947509910748",232,14.5,16.9
得宝,NEC、LEC、盒马,,,T2280-A,得宝4层抽取式面巾纸箱装16包×90抽(苹果木味),160×195×4层×90抽×16包/箱,1×16,"单包6947509910727
纸箱6901236353004",/,/,57.9
得宝,NEC、LEC、盒马,,,T2281-A,得宝4层抽取式面巾纸16包×90抽(茉莉花味),160×195×4层×90抽×16包/箱,1×16,"单包6947509910796
纸箱6901236322338",/,/,57.9
得宝,KA、GT、新渠道、商用、CVS,,,T2281,得宝4层抽取式面巾纸(3+1)包×90抽(茉莉花味),160×195×4层×90抽×(3+1)包×16提/箱,1×4×16,"单包6947509910796
中包6947509910826
纸箱16947509910823",232,14.5,16.9
得宝,NEC、LEC、盒马,,,T2284-A,得宝4层抽取式面巾纸箱装16包×90抽(樱花味),160×195×4层×90抽×16包/箱,1×16,"单包6901236346051
纸箱6901236321591",/,/,57.9
得宝,NEC、KA、GT、新渠道、商用、CVS、,,,T2284,得宝4层抽取式面巾纸(3+1)×90抽(樱花味),160×195×4层×90抽×(3+1)包×16提/箱,1×4×16,"单包6901236346051
中包6901236388679
纸箱6901236358849",232,14.5,16.9
得宝,KA、GT、新渠道,,,T2284C, 得宝90抽4层得宝M码(樱花味)抽取式纸面巾(1×8×6)装/箱(加印花),160×195×4层×90抽×8包×6提/箱,1×8×6,"小包 6901236346051
中包 6901236332122
纸箱 6901236324684",150,25,29.9
得宝,永旺,,,T2284B,T2284B 90抽4层得宝(樱花味)印花抽取式面巾(1×6×10)装/箱(,160×195×4层×90抽×6包×10提/箱,1×6×10,"小包6901236346051
中包6901236332061
纸箱 6901236324592",/,/,26.9
得宝,NEC、KA、GT、CVS,,,T2293,T2293 90抽4层得宝(雪松味)印花抽取式纸面巾(1×(3+1)×12)装/箱,160×195×4层×90抽×4包/提×12提/箱,1×4×12,"小包6901236040379
中包6901236333532
纸箱6901236326107",174,14.5,16.9
得宝,NEC、盒马,,,T2293-A,T2293-A 电商90抽四层得宝(雪松味)印花抽取式面巾纸(1×15)装/箱,160×195×4层×90抽×15包箱,1×15,"小包6901236040379
纸箱6901236326114",/,/,54.9
得宝,KA、GT、新渠道,,,T2293A,T2293A 90抽4层得宝M码(雪松味)印花抽取式纸面巾(1×(6送2)×6)装/箱,160mm×195mm×4层×90抽×8包×6提/箱,1×8×6,"小包6901236040379
中袋6901236334348
纸箱6901236327746",150,25,29.9
得宝,KA、GT、NEC,,淘汰,T2299,得宝抽取式面巾纸(3+1)包×90抽(印花咖啡味）,160×195×4层×90抽×(3+1)包×16提/箱,1×4×16,"单包6901236349687
中包6901236332566
纸箱6901236324905",232,14.5,16.9
得宝,NEC、LEC、盒马,,淘汰,T2299-A,得宝4层抽取式面巾纸箱装16包×90抽(印花咖啡味）,160×195×4层×90抽×16包/箱,1×16,"单包6901236349687
纸箱6901236324912",/,/,57.9
得宝,NEC、KA、GT、新渠道、、CVS,,,T2002,得宝迷你纸手帕1得宝4层抽取式面巾纸4包×90抽（戴珍珠耳环的少女IP),160×195×4层×90抽×4包×12提/箱,1×4×12,"单包：6901236346129
中包：6901236388716
纸箱：6901236358931",174,14.5,17.9
得宝,NEC、盒马,,,T2002-A,得宝迷你纸手帕15包/箱×90抽（戴珍珠耳环的少女IP),160×195×4层×90抽×15包/箱,1×15,"单包：6901236346129
纸箱：6901236359105",/,/,54.9
得宝,KA、GT、新渠道,,,T2898A,得宝4层抽取式面巾纸10包×80抽(Mini系列),133×195×4层×80抽×10包×6提/箱,1×10×6,"单包6901236344736
中包6901236387214
纸箱6901236356920",144,24,27.9
得宝,全渠道,,,T2898B,得宝4层抽取式面巾纸8包/提×80抽(Mini系列),133×195×4层×80抽×8包×10提/箱,1×8×10,"单包6901236344736
中包6901236387115
纸箱6901236356708",180,18,19.9
得宝,NEC、LEC、商用,,,T2898,得宝4层抽取式面巾纸箱装18包×80抽(Mini系列),133×195×4层×80抽×18包/箱,1×18,"单包6901236344736
纸箱6901236356715",43,43,49.9
得宝,全渠道,,,T2898C,得宝4层抽取式面巾纸(3+1)包/提×80抽(Mini系列),133×195×4层×80抽×(3+1)包×20提/箱,1×4×20,"单包6901236344736
中包6901236388181
纸箱6901236358153",190,9.5,12.9
得宝,KA,,,T2898F,得宝4层抽取式面巾纸24包×80抽(Mini系列),133×195×4层×80抽×24包×2提/箱,1×24×2,"小包6901236344736
手抽6901236389829
纸箱6901236321119",/,/,65.9
得宝,全渠道,,,T2222,得宝4层抽取式柔敏纸面巾(4×10)装/箱,160×195×4层×70抽×4包×10提/箱,1×4×10,"单包6901236348604
中包6901236331194
纸箱6901236323212",185,18.5,22.9
得宝,NEC、LEC、盒马、商用,,,T2222-A,得宝4层抽取式柔敏纸面巾16包/箱(整箱销售),160×195×4层×70抽×1包×16包/箱,1×16,"单包6901236348604
纸箱6901236323229",/,/,79.9
得宝,全渠道,,,T2226,得宝4层抽取式柔敏纸面巾(5×12)装/箱,160×195×4层×30抽×5包×12提/箱,1×5×12,"单包6901236349618
中包6901236349625
纸箱6901236324844",120,10,12.9
得宝,NEC、LEC、盒马、商用,,,T2227-A,T2227-A 电商60抽四层得宝抽取式乳霜柔敏纸面巾(1×15)/箱,160×195×60抽×15包/箱,1×15,"小包6901236040508
纸箱6901236326312",58,58,67.9
得宝,KA、GT、新渠道、NEC,,,T2274,得宝盒装面巾纸4盒×90抽(天然无香),210×195×90抽×3层×90抽×4盒×8提/箱,1×4×8,"单包6947509910802
中包6947509910314
纸箱16947509910311",184,23,37.9
得宝,KA 、GT、新渠道、CVS,,,T4680,得宝卫生纸160克/卷10卷/提 (天然无香),138×108×4层×160克×10卷×6提/袋,1×10×6,"单卷6901236345443
中包6901236387603
大袋6901236357361",156,26,29.9
得宝,KA、GT,,淘汰,T4680B,得宝卫生纸160克/卷 20卷/提(天然无香),138×108×4层×160克×20卷×4提/袋,1×20×4,"单卷6901236345443
中袋6901236388402
大袋6901236358498",208,52,67.9
得宝,NEC、LEC、麦德龙,,,T4681-A,得宝卫生纸135克/卷24卷/箱 (天然无香),138×108×4层×135克×24卷/箱,1×24,"单卷6901236346969
纸箱6901236320556",/,/,69.9
得宝,猫旗、猫超、京东、抖音、GT,,,T4688,T4688 130克4层4卷提装内销得宝天鹅湖无香有芯卫卷(1×4×12)装/袋（单提销售）,138×108×4层×130克×4卷×12提/袋 ,1×4×12,"单卷：6901236040973
中包：6901236333983
大袋：6901236327074",108,9,9.9
得宝,全渠道,,,T4682,得宝卫生纸160克/卷10卷/提 (樱花味),138×108×4层×160克×10卷×6提/袋,1×10×6,"小卷6901236346150
中袋6901236388877
大袋6901236359020",156,26,29.9
得宝,NEC、LEC、盒马,,,T4682-A,得宝卫生纸160克/卷16卷/箱 (樱花味),138×108×4层×160克×16卷/箱,1×16,"单卷6901236346150
纸箱6901236321331",/,/,54.9
得宝,全渠道,,,T1177,得宝棉柔巾3包/提×90抽,200×200×1层×90抽×3包×6提/箱,1×3×6,"单包6901236345146
中包6901236387658
纸箱6901236357439",330,55,67.9
得宝,全渠道,,,T1178,得宝棉柔巾(便携装)20抽/包,210×230×1层×20抽×60包/箱,1×20×60,"单包6901236345139
纸箱6901236357422",474,7.9,9.9
得宝,全渠道,,淘汰,T1178-A,得宝棉柔巾(便携量贩装)20抽/包×(3+1)包,210×230×1层×20抽×(3+1)包×20包/箱,1×20×4×20,"单包6901236345139
中包6901236388471
纸箱6901236358610",484,24.2,29.9
得宝,全渠道,,,T1190,得宝棉柔巾70抽/包,200×200×70抽/包×6包/箱,1×6,"单包6901236040058
纸箱6901236325650",77.4,12.9,14.9
得宝,全渠道,,,T1191,T1191 得宝160抽XL码底部抽珍珠纹乳霜棉柔巾(1×6)装/箱,200×200×160抽/提×6提/箱,1×6,"中袋6901236333723
纸箱6901236326381",159,26.5,29.9
得宝,全渠道,,,T1192,得宝棉柔巾10抽/包×60包/箱,210×230×10抽×60包/箱,1×10×60,"单包6901236041031
纸箱6901236327180",168,2.8,3.5
得宝,全渠道,,,T1180,得宝净颜棉柔巾3包/提×70抽,200×200×1层×70抽×3包×6提/箱,1×3×6,"单包6901236347973
中包6901236330302
纸箱6901236322147",276,46,56.9
得宝,全渠道,,,T9088,得宝厨房卷纸88节/卷,224×279×3层×88节×12卷/箱,1×12,"单卷6901236348116
纸箱6901236322444",144,12,14.9
得宝,NEC、LEC、盒马、商用,,,T9088-A,得宝厨房卷纸6卷/箱,224×279×3层×88节×6卷/箱,1×6,"单卷6901236348116
纸箱6901236322451",/,/,84.9
得宝,全渠道,,,T9089,T9089 得宝卷装厨房纸75节2卷/包,224×224×3层×75节×2卷/包,1×2×8,"单包6901236332726
纸箱6901236325483",112,14,16.9
得宝,全渠道,,,T9688,得宝抽取式厨房纸巾3层66抽3包/提,224×195×3层×66抽×3包/提×12提/箱,1×3×12,"小包6901236349021
中包6901236331750
纸箱6901236323977",192,16,19.9
得宝,NEC、LEC、盒马、商用,,,T9688-A,得宝抽取式厨房纸巾3层66抽9包/箱,224×195×3层×66抽×9包/箱,1×9,"小包6901236349021
纸箱6901236323984",/,/,57.9
得宝,NEC、KA、GT、新渠道、商用、CVS,,,T9666,Tempo得宝168抽3层悬挂式厨房抽纸(1×10)装/箱 (方格压纹),224×195×168抽/提×10提/箱,1×10,"中袋6901236333587
纸箱6901236326183",149,14.9,16.9
得宝,全渠道,,,T3002,得宝卫生湿巾12片/包,12片/包×10包×6袋/箱,12×10×6,"单包6947509910291
纸箱16947509910298",168,2.8,4
得宝,全渠道,,,T3002-1,得宝卫生湿巾5包/盒×12片(单片装),12片/包×5包×12盒/箱,12×5×12,"单包6947509910291
中包6901236300961
纸箱6901236310700",180,15,17.9
得宝,全渠道,,,T3003,得宝卫生湿巾独立便携装10片/包,1×10片/包×10包×6袋/箱,1×10×10×6,"单包6947509910604
纸箱16947509910595",168,2.8,4
得宝,全渠道,,,T3009,得宝卫生湿巾40片/包,40片/包×20包/箱,40×20,"单包6901236301470
纸箱6901236311165",160,8,9.9
得宝,全渠道,,,T3009A,得宝卫生湿巾套组(3送1),(40片/包×3包送1中袋T3010/提)×6提/箱,184×6,"手抽6901236301913
纸箱6901236311608",186,31,36.9
得宝,全渠道,,,T3010,得宝迷你卫生湿巾6包/袋,8片/包×6包/袋×30袋/箱,8×6×30,"小包6901236301593
中袋6901236301609
纸箱6901236311288",240,8,9.9
得宝,NEC、盒马、CVS ,,,T3018,得宝迷你卫生湿巾6包/袋,8片/包×6包/袋×30袋/箱,8×6×30,"小包6901236302415
中袋6901236302422
纸箱6901236312193",240,8,9.9
得宝,全渠道,,,T3014,得宝卫生湿巾80片/包,80抽×12包/箱,80×12,"单包6901236302248
纸箱6901236311998",162,13.5,15.9
得宝,全渠道,,,T3016,得宝迷你纯水湿巾6片/包*6包/中袋,6片/包*6包/中袋*30中袋/箱,6×6×30,"小包6901236302323
中袋6901236302330
纸箱6901236312070",195,6.5,7.9
得宝,全渠道,,,T3013,得宝迷你卫生湿巾6包/袋(樱花味),8片/包×6包/袋×30袋/箱,8×6×30,"小包6901236302088
中袋6901236302095
纸箱6901236311806",240,8,9.9
得宝,全渠道、赠品,,淘汰,T3412,得宝芦荟湿厕纸10片/包,10片/包×60包/箱,10×60,"中包6901236301180
纸箱6901236310892",156,2.6,3.5
得宝,全渠道,,,T3414,得宝芦荟湿厕纸40片/包,40片/包×16包/箱,40×16,"中包6901236301142
纸箱6901236310854",128,8,9.9
得宝,全渠道,,,T3414A,得宝芦荟湿厕纸40片/包×6包/提,40片/包×6包×4提/箱,40×6×4,"中包6901236301227
纸箱6901236310939",179.2,44.8,54.9
得宝,全渠道、赠品,,,T3411,得宝洋甘菊湿厕纸10片/包,10片/包×60包/箱,10×60,"中包6901236301173
纸箱6901236310885",156,2.6,3.5
得宝,全渠道,,,T3413,得宝洋甘菊湿厕纸40片/包,40片/包×16包/箱,40×16,"中包6901236301135
纸箱6901236310847",128,8,9.9
得宝,全渠道,,,T3413A,得宝洋甘菊湿厕纸5包/提×40片/包,40片/包×5包×4提/箱,40×5×4,"中包6901236301210
纸箱6901236310922",156,39,46.9
得宝,全渠道,,,T3410,得宝洋甘菊湿厕纸4送2(4包×40片+2包×10片)/提,(4包T3413+2包T3411)/提×4提/箱,180×4,"中包6901236301623
纸箱6901236311301",142,35.5,42.9
得宝,全渠道、赠品,,淘汰,T3417,得宝纯水湿厕纸10片/包,10片/包×60包/箱,10×60,"卷膜6901236301821
纸箱6901236311516",168,2.8,3.5
得宝,全渠道,,,T3418,得宝纯水湿厕纸40片/包,40片/包×16包/箱,40×16,"卷膜6901236301838
纸箱6901236311523",128,8,9.9
得宝,全渠道,,淘汰,T3418A,得宝纯水湿厕纸(3包T3418送2包T3417),40片/包×3包/提×6提/箱,140×6,"卷膜6901236301838
手抽6901236301920
纸箱6901236311615",165,27.5,33.9
得宝,全渠道,,,T3421,得宝纯水湿厕纸80片装,80片/包×12包/箱,80×12,"中包6901236302101
纸箱6901236311820",180,15,17.9
得宝,全渠道,,,T3419,得宝纯水迷你湿厕纸7片/包×6包/袋,7片/包×6包/袋×30袋/箱,7×6×30,"小袋6901236301951
中袋6901236301968
纸箱6901236311660",240,8,9.9
得宝,全渠道,,,T3017,得宝卫生湿巾80片/包,80片/包×12包/箱,80×12,"卷膜6901236302408
纸箱6901236312179",162,13.5,15.9
得宝,NEC、KA、GT、CVS,,,T2025,T2025 90抽4层得宝无香印花抽取式纸面巾(1×4×12)装/箱(流量IP),"160mm×195mm×4层×90抽
4包/提×12提/箱",1×4×12,"小包：6901236041260
中袋：6901236334195
纸箱：6901236327524",174,14.5,17.9
得宝,NEC、盒马、CVS ,,,T2025-A,T2025-A 电商90抽四层得宝无香印花抽取式纸面巾(1×15包)/箱(流量IP),"160mm×195mm×4层×90抽
15包/箱",1×15,"小包：6901236041260
纸箱：6901236327531",/,/,54.9
得宝,KA,,,T2291,T2291 80抽4层得宝黄油小熊IP印花抽取式纸面巾(1×6×8)装/箱,160mm×195mm×4层×80抽×6包×8提/箱,1×6×8,"小包：6901236041673
中袋：6901236335055
纸箱：6901236328224",132,16.5,19.9
得宝,NEC、KA、GT,,,T0115,T0115 7张4层得宝无香迷你印花纸手帕360装/箱(1×12×30)(流量IP),"210mm×210mm×4层×7片
12包/中包×30中包/箱",1×12×30,"小包： 6901236041253
中包：6901236334188
纸箱： 6901236327517",225,7.5,9.9
得宝,NEC、KA、GT,,,T0115A,T0115A  7张4层得宝无香迷你印花纸手帕432装/箱(1×6×72)(流量IP),"210mm×210mm×4层×7片
6包/中包×72中包/箱",1×6×72,"小包： 6901236041253
中包：6901236334300
纸箱：6901236327661",352.8,4.5,5.9
得宝,天猫官旗、京东、猫超、抖音、小红书、小程序、盒马,,,T9668,Tempo得宝168抽3层悬挂式厨房抽纸(1×10)装/箱 (方格压纹))(黄油小熊IP),224×195×168抽/提×10提/箱,1x10,"中袋：6901236334317
纸箱：6901236327678",149,14.9,16.9
得宝,NEC、盒马、CVS ,,,T1193,得宝棉柔巾70抽/包,200×200×70抽/包×6包/箱,1x6,"单包6901236040058
纸箱6901236325650",77.4,12.9,14.9
得宝,NEC、KA、GT、CVS,,,T1194,T1194得宝IP系列花漾肌洗脸巾50抽/包×4包/提×6提/箱,200×200mm×50抽/包×4包/提×6提/箱,1×4×6,"小包：6901236041574
中袋：6901236334683
纸箱：6901236328057",210,35,39.9
得宝,NEC、LEC、盒马,,,T1195-A,T1195-A 60抽得宝枕包型+飞机孔单层抽取式棉柔巾(1×6)装/箱,200×200×60抽得宝枕包型+飞机孔单层抽取式棉柔巾(1×6)装/箱,1×6,"单包6901236041796
纸箱6901236328538",63,63,69.9
得宝,山姆,,,T0118A,"T0118A 7张4层得宝无香印花迷你纸手帕12288装/件(1×12×8×4×32)(黄油小熊ip)
山姆带板运输","210mm×210mm×4层×7张
12小包/中包×8中包/提×4提/箱×32箱/板",1×12×8×4×32,"小包：6901236041666
中包：6901236335048
手抽袋：6901236384367
天地盖纸箱：6901236328217",/,/,65.9